-- MySQL dump 10.13  Distrib 5.7.9, for Win64 (x86_64)
--
-- Host: 127.0.0.1    Database: booking
-- ------------------------------------------------------
-- Server version	5.5.5-10.1.13-MariaDB

/*!40101 SET @OLD_CHARACTER_SET_CLIENT=@@CHARACTER_SET_CLIENT */;
/*!40101 SET @OLD_CHARACTER_SET_RESULTS=@@CHARACTER_SET_RESULTS */;
/*!40101 SET @OLD_COLLATION_CONNECTION=@@COLLATION_CONNECTION */;
/*!40101 SET NAMES utf8 */;
/*!40103 SET @OLD_TIME_ZONE=@@TIME_ZONE */;
/*!40103 SET TIME_ZONE='+00:00' */;
/*!40014 SET @OLD_UNIQUE_CHECKS=@@UNIQUE_CHECKS, UNIQUE_CHECKS=0 */;
/*!40014 SET @OLD_FOREIGN_KEY_CHECKS=@@FOREIGN_KEY_CHECKS, FOREIGN_KEY_CHECKS=0 */;
/*!40101 SET @OLD_SQL_MODE=@@SQL_MODE, SQL_MODE='NO_AUTO_VALUE_ON_ZERO' */;
/*!40111 SET @OLD_SQL_NOTES=@@SQL_NOTES, SQL_NOTES=0 */;

--
-- Table structure for table `album_ticket`
--

DROP TABLE IF EXISTS `album_ticket`;
/*!40101 SET @saved_cs_client     = @@character_set_client */;
/*!40101 SET character_set_client = utf8 */;
CREATE TABLE `album_ticket` (
  `id` int(11) NOT NULL AUTO_INCREMENT,
  `name` varchar(100) NOT NULL,
  `entrance_ticket_id` int(11) NOT NULL,
  `img` varchar(100) NOT NULL,
  `created_at` datetime DEFAULT NULL,
  `updated_at` datetime DEFAULT NULL,
  PRIMARY KEY (`id`)
) ENGINE=InnoDB AUTO_INCREMENT=68 DEFAULT CHARSET=utf8;
/*!40101 SET character_set_client = @saved_cs_client */;

--
-- Dumping data for table `album_ticket`
--

LOCK TABLES `album_ticket` WRITE;
/*!40000 ALTER TABLE `album_ticket` DISABLE KEYS */;
INSERT INTO `album_ticket` VALUES (6,'',3,'14843791060.jpg','2017-01-14 07:31:46','2017-01-14 07:31:46'),(7,'',4,'14843798540.jpg','2017-01-14 07:44:14','2017-01-14 07:44:14'),(8,'',5,'14843799980.jpg','2017-01-14 07:46:38','2017-01-14 07:46:38'),(9,'',6,'14844760740.jpg','2017-01-15 10:27:54','2017-01-15 10:27:54'),(10,'',6,'14844760741.jpg','2017-01-15 10:27:54','2017-01-15 10:27:54'),(11,'',6,'14844760742.jpg','2017-01-15 10:27:54','2017-01-15 10:27:54'),(12,'',6,'14844760743.jpg','2017-01-15 10:27:54','2017-01-15 10:27:54'),(13,'',7,'14844764450.jpg','2017-01-15 10:34:05','2017-01-15 10:34:05'),(14,'',7,'14844764451.jpg','2017-01-15 10:34:05','2017-01-15 10:34:05'),(15,'',7,'14844764452.jpg','2017-01-15 10:34:05','2017-01-15 10:34:05'),(16,'',7,'14844764453.jpg','2017-01-15 10:34:05','2017-01-15 10:34:05'),(17,'',8,'14844776150.jpg','2017-01-15 10:53:35','2017-01-15 10:53:35'),(18,'',8,'14844776151.jpg','2017-01-15 10:53:35','2017-01-15 10:53:35'),(19,'',8,'14844776152.jpg','2017-01-15 10:53:35','2017-01-15 10:53:35'),(20,'',8,'14844776153.jpeg','2017-01-15 10:53:35','2017-01-15 10:53:35'),(21,'',8,'14844776154.gif','2017-01-15 10:53:35','2017-01-15 10:53:35'),(22,'',8,'14844776155.jpg','2017-01-15 10:53:35','2017-01-15 10:53:35'),(23,'',9,'14844777470.jpg','2017-01-15 10:55:47','2017-01-15 10:55:47'),(24,'',9,'14844777471.jpg','2017-01-15 10:55:48','2017-01-15 10:55:48'),(25,'',9,'14844777472.jpg','2017-01-15 10:55:48','2017-01-15 10:55:48'),(26,'',9,'14844777473.jpeg','2017-01-15 10:55:48','2017-01-15 10:55:48'),(27,'',9,'14844777474.gif','2017-01-15 10:55:48','2017-01-15 10:55:48'),(28,'',9,'14844777475.jpg','2017-01-15 10:55:48','2017-01-15 10:55:48'),(29,'',10,'14844781020.jpg','2017-01-15 11:01:42','2017-01-15 11:01:42'),(30,'',10,'14844781021.jpg','2017-01-15 11:01:42','2017-01-15 11:01:42'),(31,'',10,'14844781022.jpg','2017-01-15 11:01:43','2017-01-15 11:01:43'),(32,'',10,'14844781023.jpg','2017-01-15 11:01:43','2017-01-15 11:01:43'),(33,'',10,'14844781024.jpg','2017-01-15 11:01:43','2017-01-15 11:01:43'),(34,'',11,'14849701100.jpg','2017-01-21 03:41:50','2017-01-21 03:41:50'),(35,'',11,'14849701101.jpg','2017-01-21 03:41:50','2017-01-21 03:41:50'),(36,'',11,'14849701102.jpg','2017-01-21 03:41:50','2017-01-21 03:41:50'),(37,'',11,'14849701103.jpg','2017-01-21 03:41:50','2017-01-21 03:41:50'),(38,'',11,'14849701104.jpg','2017-01-21 03:41:50','2017-01-21 03:41:50'),(39,'',12,'14849722600.jpeg','2017-01-21 04:17:40','2017-01-21 04:17:40'),(40,'',12,'14849722601.jpg','2017-01-21 04:17:40','2017-01-21 04:17:40'),(41,'',12,'14849722602.jpg','2017-01-21 04:17:40','2017-01-21 04:17:40'),(42,'',12,'14849722603.jpg','2017-01-21 04:17:40','2017-01-21 04:17:40'),(43,'',13,'14849957350.jpg','2017-01-21 10:48:55','2017-01-21 10:48:55'),(44,'',13,'14849957351.jpg','2017-01-21 10:48:55','2017-01-21 10:48:55'),(45,'',13,'14849957352.jpg','2017-01-21 10:48:55','2017-01-21 10:48:55'),(46,'',13,'14849957353.JPG','2017-01-21 10:48:55','2017-01-21 10:48:55'),(47,'',14,'14849961460.jpg','2017-01-21 10:55:47','2017-01-21 10:55:47'),(48,'',14,'14849961461.jpg','2017-01-21 10:55:47','2017-01-21 10:55:47'),(49,'',14,'14849961462.jpg','2017-01-21 10:55:47','2017-01-21 10:55:47'),(50,'',14,'14849961463.jpg','2017-01-21 10:55:47','2017-01-21 10:55:47'),(51,'',14,'14849961464.jpeg','2017-01-21 10:55:47','2017-01-21 10:55:47'),(52,'',14,'14849961465.jpg','2017-01-21 10:55:47','2017-01-21 10:55:47'),(53,'',15,'14851016480.jpg','2017-01-22 16:14:08','2017-01-22 16:14:08'),(54,'',15,'14851016481.jpg','2017-01-22 16:14:08','2017-01-22 16:14:08'),(55,'',15,'14851016482.jpg','2017-01-22 16:14:08','2017-01-22 16:14:08'),(56,'',15,'14851016483.jpg','2017-01-22 16:14:08','2017-01-22 16:14:08'),(57,'',16,'14851019720.png','2017-01-22 16:19:32','2017-01-22 16:19:32'),(58,'',16,'14851019721.jpg','2017-01-22 16:19:32','2017-01-22 16:19:32'),(59,'',16,'14851019722.jpg','2017-01-22 16:19:32','2017-01-22 16:19:32'),(60,'',18,'14851035130.jpg','2017-01-22 16:45:13','2017-01-22 16:45:13'),(61,'',18,'14851035131.jpg','2017-01-22 16:45:13','2017-01-22 16:45:13'),(62,'',18,'14851035132.jpg','2017-01-22 16:45:13','2017-01-22 16:45:13'),(63,'',1,'14852305240.jpg','2017-01-24 04:02:04','2017-01-24 04:02:04'),(64,'',1,'14852413960.jpg','2017-01-24 07:03:16','2017-01-24 07:03:16'),(67,'',17,'14854519590.jpg','2017-01-26 17:32:39','2017-01-26 17:32:39');
/*!40000 ALTER TABLE `album_ticket` ENABLE KEYS */;
UNLOCK TABLES;

--
-- Table structure for table `baggage_type`
--

DROP TABLE IF EXISTS `baggage_type`;
/*!40101 SET @saved_cs_client     = @@character_set_client */;
/*!40101 SET character_set_client = utf8 */;
CREATE TABLE `baggage_type` (
  `id` int(11) NOT NULL AUTO_INCREMENT,
  `provider` varchar(45) NOT NULL,
  `name` varchar(150) NOT NULL,
  `fare` float NOT NULL,
  `status` varchar(45) NOT NULL,
  `created_at` datetime DEFAULT NULL,
  `updated_at` datetime DEFAULT NULL,
  PRIMARY KEY (`id`)
) ENGINE=InnoDB AUTO_INCREMENT=7 DEFAULT CHARSET=utf8;
/*!40101 SET character_set_client = @saved_cs_client */;

--
-- Dumping data for table `baggage_type`
--

LOCK TABLES `baggage_type` WRITE;
/*!40000 ALTER TABLE `baggage_type` DISABLE KEYS */;
INSERT INTO `baggage_type` VALUES (1,'vietjet','15kg',130000,'active','2016-12-17 02:09:15','2016-12-17 07:30:25'),(2,'vietjet','20kg',150000,'active','2016-12-17 07:24:25','2016-12-17 07:31:05'),(3,'vietjet','25kg',300000,'active','2016-12-17 07:31:24','2016-12-17 07:31:24'),(4,'vietjet','30kg',300000,'active','2016-12-17 07:31:47','2016-12-17 07:31:47'),(5,'vietjet','35kg',350000,'active','2016-12-17 07:31:59','2016-12-17 07:31:59'),(6,'vietjet','40kg',400000,'active','2016-12-17 07:32:23','2016-12-17 07:32:23');
/*!40000 ALTER TABLE `baggage_type` ENABLE KEYS */;
UNLOCK TABLES;

--
-- Table structure for table `banner`
--

DROP TABLE IF EXISTS `banner`;
/*!40101 SET @saved_cs_client     = @@character_set_client */;
/*!40101 SET character_set_client = utf8 */;
CREATE TABLE `banner` (
  `id` int(11) NOT NULL AUTO_INCREMENT,
  `title` varchar(200) NOT NULL,
  `img` varchar(200) NOT NULL,
  `url` varchar(1000) NOT NULL,
  `from` varchar(100) DEFAULT NULL,
  `to` varchar(100) DEFAULT NULL,
  `between` varchar(45) DEFAULT NULL,
  `description` varchar(1000) NOT NULL,
  `price` varchar(45) DEFAULT NULL,
  `status` varchar(45) NOT NULL,
  `created_at` datetime DEFAULT NULL,
  `updated_at` datetime DEFAULT NULL,
  PRIMARY KEY (`id`)
) ENGINE=InnoDB AUTO_INCREMENT=3 DEFAULT CHARSET=utf8;
/*!40101 SET character_set_client = @saved_cs_client */;

--
-- Dumping data for table `banner`
--

LOCK TABLES `banner` WRITE;
/*!40000 ALTER TABLE `banner` DISABLE KEYS */;
INSERT INTO `banner` VALUES (1,'test','1483698406.jpg','',NULL,NULL,NULL,'123',NULL,'active','2016-12-02 14:24:45','2017-01-06 10:26:48'),(2,'df','1483698415.jpg','',NULL,NULL,NULL,'df',NULL,'active','2016-12-05 15:47:15','2017-01-06 10:26:55');
/*!40000 ALTER TABLE `banner` ENABLE KEYS */;
UNLOCK TABLES;

--
-- Table structure for table `booking`
--

DROP TABLE IF EXISTS `booking`;
/*!40101 SET @saved_cs_client     = @@character_set_client */;
/*!40101 SET character_set_client = utf8 */;
CREATE TABLE `booking` (
  `id` int(11) NOT NULL AUTO_INCREMENT,
  `code` char(10) NOT NULL,
  `round_trip` varchar(10) NOT NULL,
  `adult` int(11) NOT NULL,
  `children` int(11) NOT NULL,
  `infant` int(11) NOT NULL,
  `state` varchar(45) NOT NULL,
  `status` varchar(45) NOT NULL,
  `remark` varchar(1000) NOT NULL,
  `expired_payment_date` float NOT NULL DEFAULT '0',
  `created_at` datetime DEFAULT NULL,
  `updated_at` datetime DEFAULT NULL,
  PRIMARY KEY (`id`)
) ENGINE=InnoDB AUTO_INCREMENT=62 DEFAULT CHARSET=utf8;
/*!40101 SET character_set_client = @saved_cs_client */;

--
-- Dumping data for table `booking`
--

LOCK TABLES `booking` WRITE;
/*!40000 ALTER TABLE `booking` DISABLE KEYS */;
INSERT INTO `booking` VALUES (1,'MUt4jm','on',1,1,1,'','','',0,'2017-02-09 10:09:50','2017-02-09 10:09:50'),(2,'UMsshx','on',1,1,1,'','','',0,'2017-02-09 10:10:01','2017-02-09 10:10:01'),(3,'72sKzH','on',1,1,1,'','','',0,'2017-02-09 10:10:02','2017-02-09 10:10:02'),(4,'gecoMZ','on',1,1,1,'','','',0,'2017-02-09 10:10:02','2017-02-09 10:10:02'),(5,'WgiZfj','on',1,1,1,'','','',0,'2017-02-09 10:10:02','2017-02-09 10:10:02'),(6,'Ocdrx8','on',1,1,1,'','','',0,'2017-02-09 10:10:03','2017-02-09 10:10:03'),(7,'0cHQam','on',1,1,1,'','','',0,'2017-02-09 10:10:03','2017-02-09 10:10:03'),(8,'o3eo4t','on',1,1,1,'','','',0,'2017-02-09 10:10:03','2017-02-09 10:10:03'),(9,'SA0TUZ','on',1,1,1,'','','',0,'2017-02-09 10:10:03','2017-02-09 10:10:03'),(10,'KWEgMk','on',1,1,1,'','','',0,'2017-02-09 10:10:11','2017-02-09 10:10:11'),(11,'JSRSDU','on',1,1,1,'','','',0,'2017-02-09 10:10:17','2017-02-09 10:10:17'),(12,'0mj5DY','on',1,1,1,'approve','','',0,'2017-02-09 10:19:42','2017-02-13 07:18:39'),(13,'Ga2Vw6','on',1,1,1,'','','',0,'2017-02-09 10:23:38','2017-02-09 10:23:38'),(14,'GICVNw','off',1,0,0,'','','',0,'2017-02-10 02:51:59','2017-02-10 02:51:59'),(15,'PGJBSw','off',1,0,0,'','','',0,'2017-02-10 03:01:52','2017-02-10 03:01:52'),(16,'dnsiBH','off',1,0,0,'','','',0,'2017-02-10 03:06:46','2017-02-10 03:06:46'),(17,'eG7nW3','off',1,0,0,'pending','','',0,'2017-02-10 03:10:58','2017-02-10 03:10:58'),(18,'t3mPPU','off',1,0,0,'pending','','',0,'2017-02-10 03:17:27','2017-02-10 03:17:27'),(19,'QIlc4p','off',1,0,0,'pending','','',0,'2017-02-10 03:38:48','2017-02-10 03:38:48'),(20,'kJcWug','off',1,0,0,'pending','','',0,'2017-02-10 04:14:34','2017-02-10 04:14:34'),(21,'7SkNak','off',1,0,0,'pending','','',0,'2017-02-10 04:15:20','2017-02-10 04:15:20'),(22,'FC9b48','off',1,0,0,'pending','','',0,'2017-02-10 04:25:49','2017-02-10 04:25:49'),(23,'qK6aTa','off',1,0,0,'approve','','',0,'2017-02-10 04:26:06','2017-02-13 07:18:03'),(24,'VleiTJ','off',1,1,1,'pending','','',0,'2017-02-13 07:49:37','2017-02-13 07:49:37'),(25,'tmwnY2','off',1,1,1,'pending','','',0,'2017-02-13 09:23:03','2017-02-13 09:23:03'),(26,'YF6XWj','off',1,1,1,'pending','','',0,'2017-02-14 03:48:13','2017-02-14 03:48:13'),(27,'6lzW1Q','off',1,1,1,'pending','','',0,'2017-02-14 06:44:38','2017-02-14 06:44:38'),(28,'mEQp3G','off',1,1,1,'pending','','',0,'2017-02-14 07:03:19','2017-02-14 07:03:19'),(29,'62pQxh','off',1,1,1,'pending','','',0,'2017-02-14 07:05:21','2017-02-14 07:05:21'),(30,'SLiqzI','off',1,1,1,'pending','','',0,'2017-02-14 07:07:34','2017-02-14 07:07:34'),(31,'w2Zujc','off',1,1,1,'pending','','',0,'2017-02-14 07:15:46','2017-02-14 07:15:46'),(32,'0C2kww','off',1,1,1,'pending','','',0,'2017-02-14 07:22:49','2017-02-14 07:22:49'),(33,'Yocs7A','off',1,1,1,'pending','','',0,'2017-02-14 07:50:49','2017-02-14 07:50:49'),(34,'tKbi33','off',1,1,1,'pending','','',0,'2017-02-14 08:00:48','2017-02-14 08:00:48'),(35,'6wTpKj','off',1,1,1,'pending','','',0,'2017-02-14 08:04:09','2017-02-14 08:04:09'),(36,'NMlPoH','off',1,1,1,'pending','','',0,'2017-02-14 08:39:59','2017-02-14 08:39:59'),(37,'KsAzjC','off',1,1,1,'pending','','',0,'2017-02-14 08:45:06','2017-02-14 08:45:06'),(38,'YqCZT3','off',1,1,1,'pending','','',0,'2017-02-14 08:56:38','2017-02-14 08:56:38'),(39,'SFpEqJ','off',1,1,1,'pending','','',0,'2017-02-15 02:05:38','2017-02-15 02:05:38'),(40,'CraTsB','off',1,0,0,'pending','','',0,'2017-02-15 02:15:16','2017-02-15 02:15:16'),(41,'Ymhdcc','off',1,0,0,'pending','','',0,'2017-02-15 02:17:28','2017-02-15 02:17:28'),(42,'mLvDzi','off',1,0,0,'pending','','',0,'2017-02-15 02:23:58','2017-02-15 02:23:58'),(43,'AbKXLD','off',1,0,0,'pending','','',0,'2017-02-15 02:25:31','2017-02-15 02:25:31'),(44,'NGxWWt','off',1,0,0,'pending','','',0,'2017-02-15 02:28:38','2017-02-15 02:28:38'),(45,'XZzgsT','off',1,1,1,'pending','','',0,'2017-02-15 07:23:42','2017-02-15 07:23:42'),(46,'A2BVLF','off',1,1,1,'pending','','',0,'2017-02-15 07:29:32','2017-02-15 07:29:32'),(47,'rHHzGj','off',1,1,1,'pending','','',0,'2017-02-15 07:40:57','2017-02-15 07:40:57'),(48,'eWk0Ie','off',1,1,1,'pending','','',0,'2017-02-15 09:24:51','2017-02-15 09:24:51'),(49,'8KTEDL','off',1,0,0,'pending','','',0,'2017-02-16 04:04:28','2017-02-16 04:04:28'),(50,'rf4rQc','off',1,0,0,'pending','','',0,'2017-02-16 04:11:58','2017-02-16 04:11:58'),(51,'UfMPMX','off',1,0,0,'pending','','',0,'2017-02-16 06:25:06','2017-02-16 06:25:06'),(52,'U0FnuP','on',1,0,0,'pending','','',0,'2017-02-16 06:32:45','2017-02-16 06:32:45'),(53,'500X4E','on',1,0,0,'pending','','',0,'2017-02-16 06:36:12','2017-02-16 06:36:12'),(54,'l2OiZv','on',1,0,0,'pending','','',0,'2017-02-16 06:46:26','2017-02-16 06:46:26'),(55,'N4FrTZ','on',1,0,0,'pending','','',0,'2017-02-16 06:50:18','2017-02-16 06:50:18'),(56,'KYWrNc','on',1,0,0,'pending','','',0,'2017-02-16 06:54:16','2017-02-16 06:54:16'),(57,'7BFfEi','on',1,0,0,'pending','','',0,'2017-02-16 07:13:42','2017-02-16 07:13:42'),(58,'FX6qVr','on',1,0,0,'pending','','',0,'2017-02-16 07:22:32','2017-02-16 07:22:32'),(59,'ij4SYG','on',1,0,0,'pending','','',0,'2017-02-16 07:24:10','2017-02-16 07:24:10'),(60,'gjB5Zu','on',1,0,0,'pending','','',0,'2017-02-16 07:28:20','2017-02-16 07:28:20'),(61,'vCNaS6','on',1,0,0,'pending','','',0,'2017-02-16 07:32:25','2017-02-16 07:32:25');
/*!40000 ALTER TABLE `booking` ENABLE KEYS */;
UNLOCK TABLES;

--
-- Table structure for table `booking_detail`
--

DROP TABLE IF EXISTS `booking_detail`;
/*!40101 SET @saved_cs_client     = @@character_set_client */;
/*!40101 SET character_set_client = utf8 */;
CREATE TABLE `booking_detail` (
  `id` int(11) NOT NULL AUTO_INCREMENT,
  `booking_id` int(11) NOT NULL,
  `from` varchar(10) NOT NULL,
  `start_date` varchar(20) NOT NULL,
  `start_time` varchar(20) NOT NULL,
  `to` varchar(10) NOT NULL,
  `end_date` varchar(20) NOT NULL,
  `end_time` varchar(20) NOT NULL,
  `direction` varchar(10) NOT NULL,
  `provider` varchar(10) DEFAULT NULL,
  `ticket_type` varchar(45) NOT NULL,
  `duration` varchar(10) NOT NULL,
  `created_at` datetime DEFAULT NULL,
  `updated_at` datetime DEFAULT NULL,
  PRIMARY KEY (`id`)
) ENGINE=InnoDB AUTO_INCREMENT=85 DEFAULT CHARSET=utf8;
/*!40101 SET character_set_client = @saved_cs_client */;

--
-- Dumping data for table `booking_detail`
--

LOCK TABLES `booking_detail` WRITE;
/*!40000 ALTER TABLE `booking_detail` DISABLE KEYS */;
INSERT INTO `booking_detail` VALUES (1,1,'SGN','10/02/2017','05:45','','','07:50','',NULL,'0','','2017-02-09 10:09:50','2017-02-09 10:09:50'),(2,1,'HAN','11/02/2017','21:30','','','23:40','',NULL,'0','','2017-02-09 10:09:50','2017-02-09 10:09:50'),(3,2,'SGN','10/02/2017','05:45','','','07:50','',NULL,'0','','2017-02-09 10:10:01','2017-02-09 10:10:01'),(4,2,'HAN','11/02/2017','21:30','','','23:40','',NULL,'0','','2017-02-09 10:10:01','2017-02-09 10:10:01'),(5,3,'SGN','10/02/2017','05:45','','','07:50','',NULL,'0','','2017-02-09 10:10:02','2017-02-09 10:10:02'),(6,3,'HAN','11/02/2017','21:30','','','23:40','',NULL,'0','','2017-02-09 10:10:02','2017-02-09 10:10:02'),(7,4,'SGN','10/02/2017','05:45','','','07:50','',NULL,'0','','2017-02-09 10:10:03','2017-02-09 10:10:03'),(8,4,'HAN','11/02/2017','21:30','','','23:40','',NULL,'0','','2017-02-09 10:10:03','2017-02-09 10:10:03'),(9,5,'HAN','11/02/2017','21:30','','','23:40','',NULL,'0','','2017-02-09 10:10:03','2017-02-09 10:10:03'),(10,5,'SGN','10/02/2017','05:45','','','07:50','',NULL,'0','','2017-02-09 10:10:03','2017-02-09 10:10:03'),(11,6,'HAN','11/02/2017','21:30','','','23:40','',NULL,'0','','2017-02-09 10:10:03','2017-02-09 10:10:03'),(12,6,'SGN','10/02/2017','05:45','','','07:50','',NULL,'0','','2017-02-09 10:10:03','2017-02-09 10:10:03'),(13,7,'SGN','10/02/2017','05:45','','','07:50','',NULL,'0','','2017-02-09 10:10:03','2017-02-09 10:10:03'),(14,7,'HAN','11/02/2017','21:30','','','23:40','',NULL,'0','','2017-02-09 10:10:03','2017-02-09 10:10:03'),(15,8,'SGN','10/02/2017','05:45','','','07:50','',NULL,'0','','2017-02-09 10:10:04','2017-02-09 10:10:04'),(16,8,'HAN','11/02/2017','21:30','','','23:40','',NULL,'0','','2017-02-09 10:10:04','2017-02-09 10:10:04'),(17,9,'SGN','10/02/2017','05:45','','','07:50','',NULL,'0','','2017-02-09 10:10:04','2017-02-09 10:10:04'),(18,9,'HAN','11/02/2017','21:30','','','23:40','',NULL,'0','','2017-02-09 10:10:04','2017-02-09 10:10:04'),(19,10,'SGN','10/02/2017','05:45','','','07:50','',NULL,'0','','2017-02-09 10:10:11','2017-02-09 10:10:11'),(20,10,'HAN','11/02/2017','21:30','','','23:40','',NULL,'0','','2017-02-09 10:10:11','2017-02-09 10:10:11'),(21,11,'HAN','11/02/2017','21:30','','','23:40','',NULL,'0','','2017-02-09 10:10:17','2017-02-09 10:10:17'),(22,11,'SGN','10/02/2017','05:45','','','07:50','',NULL,'0','','2017-02-09 10:10:17','2017-02-09 10:10:17'),(23,12,'HAN','11/02/2017','12:30','','','14:40','',NULL,'0','','2017-02-09 10:19:42','2017-02-09 10:19:42'),(24,12,'SGN','10/02/2017','05:45','','','07:50','',NULL,'0','','2017-02-09 10:19:42','2017-02-09 10:19:42'),(25,13,'SGN','10/02/2017','05:45','','','07:50','',NULL,'0','','2017-02-09 10:23:38','2017-02-09 10:23:38'),(26,13,'HAN','11/02/2017','12:30','','','14:40','',NULL,'0','','2017-02-09 10:23:38','2017-02-09 10:23:38'),(27,14,'SGN','13/02/2017','05:45','','','07:50','',NULL,'0','','2017-02-10 02:51:59','2017-02-10 02:51:59'),(28,15,'SGN','13/02/2017','14:45','','','16:50','',NULL,'0','','2017-02-10 03:01:52','2017-02-10 03:01:52'),(29,16,'SGN','13/02/2017','23:55','','','02:00','',NULL,'0','','2017-02-10 03:06:46','2017-02-10 03:06:46'),(30,17,'SGN','13/02/2017','05:45','','','07:50','',NULL,'0','','2017-02-10 03:10:59','2017-02-10 03:10:59'),(31,18,'SGN','13/02/2017','06:00','','','08:05','',NULL,'0','','2017-02-10 03:17:27','2017-02-10 03:17:27'),(32,19,'','13/02/2017','05:45','','','07:50','',NULL,'0','','2017-02-10 03:38:48','2017-02-10 03:38:48'),(33,20,'','13/02/2017','05:45','','','07:50','',NULL,'0','','2017-02-10 04:14:34','2017-02-10 04:14:34'),(34,21,'','13/02/2017','05:45','','','07:50','',NULL,'0','','2017-02-10 04:15:20','2017-02-10 04:15:20'),(35,22,'','13/02/2017','05:45','','','07:50','',NULL,'0','','2017-02-10 04:25:50','2017-02-10 04:25:50'),(36,23,'','13/02/2017','05:45','','','07:50','',NULL,'0','','2017-02-10 04:26:06','2017-02-10 04:26:06'),(37,24,'','20/02/2017','06:00','','','07:00','',NULL,'0','','2017-02-13 07:49:37','2017-02-13 07:49:37'),(38,25,'SGN','20/02/2017','06:00','','','07:00','',NULL,'','','2017-02-13 09:23:03','2017-02-13 09:23:03'),(39,26,'SGN','20/02/2017','07:20','','','08:20','',NULL,'','','2017-02-14 03:48:13','2017-02-14 03:48:13'),(40,27,'SGN','20/02/2017','06:40','UIH','','07:50','',NULL,'','','2017-02-14 06:44:38','2017-02-14 06:44:38'),(41,28,'SGN','20/02/2017','06:40','UIH','','07:50','',NULL,'','','2017-02-14 07:03:19','2017-02-14 07:03:19'),(42,29,'SGN','20/02/2017','06:40','UIH','','07:50','',NULL,'','','2017-02-14 07:05:21','2017-02-14 07:05:21'),(43,30,'SGN','20/02/2017','06:40','UIH','','07:50','',NULL,'','','2017-02-14 07:07:34','2017-02-14 07:07:34'),(44,31,'SGN','20/02/2017','9:00','UIH','','10:10','',NULL,'','','2017-02-14 07:15:47','2017-02-14 07:15:47'),(45,32,'SGN','20/02/2017','06:40','UIH','','07:50','',NULL,'','','2017-02-14 07:22:49','2017-02-14 07:22:49'),(46,33,'SGN','20/02/2017','06:40','UIH','','07:50','',NULL,'','','2017-02-14 07:50:49','2017-02-14 07:50:49'),(47,34,'SGN','20/02/2017','06:40','UIH','','07:50','',NULL,'','','2017-02-14 08:00:48','2017-02-14 08:00:48'),(48,35,'SGN','20/02/2017','06:40','UIH','','07:50','',NULL,'','','2017-02-14 08:04:09','2017-02-14 08:04:09'),(49,36,'SGN','20/02/2017','06:40','UIH','','07:50','',NULL,'','','2017-02-14 08:39:59','2017-02-14 08:39:59'),(50,37,'SGN','16/02/2017','06:40','UIH','','07:50','',NULL,'','','2017-02-14 08:45:06','2017-02-14 08:45:06'),(51,38,'SGN','16/02/2017','06:40','UIH','','07:50','',NULL,'','','2017-02-14 08:56:39','2017-02-14 08:56:39'),(52,39,'SGN','20/02/2017','07:20','PQC','','08:20','',NULL,'','','2017-02-15 02:05:39','2017-02-15 02:05:39'),(53,40,'SGN','20/02/2017','07:20','PQC','','08:20','',NULL,'','','2017-02-15 02:15:16','2017-02-15 02:15:16'),(54,41,'SGN','20/02/2017','12:20','PQC','','13:20','',NULL,'','','2017-02-15 02:17:29','2017-02-15 02:17:29'),(55,42,'SGN','20/02/2017','12:20','PQC','','13:20','',NULL,'','','2017-02-15 02:23:59','2017-02-15 02:23:59'),(56,43,'SGN','20/02/2017','16:35','PQC','','17:35','',NULL,'','','2017-02-15 02:25:31','2017-02-15 02:25:31'),(57,44,'SGN','20/02/2017','07:20','PQC','','08:20','',NULL,'','','2017-02-15 02:28:38','2017-02-15 02:28:38'),(58,45,'SGN','20/02/2017','12:20','PQC','','13:20','',NULL,'','','2017-02-15 07:23:42','2017-02-15 07:23:42'),(59,46,'SGN','20/02/2017','12:20','PQC','','13:20','',NULL,'','','2017-02-15 07:29:32','2017-02-15 07:29:32'),(60,47,'SGN','20/02/2017','07:20','PQC','','08:20','',NULL,'','','2017-02-15 07:40:57','2017-02-15 07:40:57'),(61,48,'SGN','20/02/2017','07:20','PQC','','08:20','',NULL,'','','2017-02-15 09:24:51','2017-02-15 09:24:51'),(62,49,'SGN','22/02/2017','06:40','UIH','','07:50','',NULL,'','','2017-02-16 04:04:28','2017-02-16 04:04:28'),(63,50,'SGN','22/02/2017','06:40','UIH','','07:50','',NULL,'','','2017-02-16 04:11:58','2017-02-16 04:11:58'),(64,51,'SGN','20/02/2017','07:20','PQC','','08:20','',NULL,'','','2017-02-16 06:25:06','2017-02-16 06:25:06'),(65,52,'SGN','20/02/2017','07:25','VCL','','08:40','',NULL,'','','2017-02-16 06:32:45','2017-02-16 06:32:45'),(66,52,'VCL','21/02/2017','16:20','SGN','','17:40','',NULL,'','','2017-02-16 06:32:45','2017-02-16 06:32:45'),(67,53,'SGN','20/02/2017','6:40','VCL','','8:00','',NULL,'','','2017-02-16 06:36:13','2017-02-16 06:36:13'),(68,53,'VCL','21/02/2017','16:20','SGN','','17:40','',NULL,'','','2017-02-16 06:36:13','2017-02-16 06:36:13'),(69,54,'SGN','20/02/2017','6:40','VCL','','8:00','',NULL,'','','2017-02-16 06:46:26','2017-02-16 06:46:26'),(70,54,'VCL','21/02/2017','16:20','SGN','','17:35','',NULL,'','','2017-02-16 06:46:26','2017-02-16 06:46:26'),(71,55,'SGN','20/02/2017','6:40','VCL','','8:00','',NULL,'','','2017-02-16 06:50:18','2017-02-16 06:50:18'),(72,55,'VCL','21/02/2017','09:15','SGN','','10:30','',NULL,'','','2017-02-16 06:50:18','2017-02-16 06:50:18'),(73,56,'SGN','20/02/2017','08:50','CXR','','09:50','',NULL,'','','2017-02-16 06:54:16','2017-02-16 06:54:16'),(74,56,'CXR','23/02/2017','6:30','SGN','','7:40','',NULL,'','','2017-02-16 06:54:16','2017-02-16 06:54:16'),(75,57,'SGN','17/02/2017','05:55','CAH','','06:55','','vna','Phổ thông linh hoạt','','2017-02-16 07:13:43','2017-02-16 07:13:43'),(76,57,'CAH','18/02/2017','07:25','SGN','','08:30','','vna','Phổ thông linh hoạt','','2017-02-16 07:13:43','2017-02-16 07:13:43'),(77,58,'SGN','17/02/2017','05:55','CAH','','06:55','','vna','Phổ thông linh hoạt','','2017-02-16 07:22:32','2017-02-16 07:22:32'),(78,58,'CAH','18/02/2017','07:25','SGN','','08:30','','vna','Phổ thông linh hoạt','','2017-02-16 07:22:32','2017-02-16 07:22:32'),(79,59,'SGN','18/02/2017','19:35','BMV','','20:35','','vietjet','eco','','2017-02-16 07:24:10','2017-02-16 07:24:10'),(80,59,'BMV','19/02/2017','12:00','SGN','','12:55','','jetstar','Vé tiết kiệm','','2017-02-16 07:24:10','2017-02-16 07:24:10'),(81,60,'BMV','19/02/2017','21:10','SGN','','22:10','','vietjet','eco','','2017-02-16 07:28:21','2017-02-16 07:28:21'),(82,60,'SGN','18/02/2017','9:00','BMV','','9:55','','jetstar','Vé tiết kiệm','','2017-02-16 07:28:21','2017-02-16 07:28:21'),(83,61,'HAN','18/02/2017','07:00','CXR','','08:50','','vietjet','eco','','2017-02-16 07:32:25','2017-02-16 07:32:25'),(84,61,'CXR','20/02/2017','06:30','HAN','','08:20','','vna','Tiết kiệm Đặc biệt','','2017-02-16 07:32:25','2017-02-16 07:32:25');
/*!40000 ALTER TABLE `booking_detail` ENABLE KEYS */;
UNLOCK TABLES;

--
-- Table structure for table `bus_route`
--

DROP TABLE IF EXISTS `bus_route`;
/*!40101 SET @saved_cs_client     = @@character_set_client */;
/*!40101 SET character_set_client = utf8 */;
CREATE TABLE `bus_route` (
  `id` int(11) NOT NULL AUTO_INCREMENT,
  `code` varchar(20) NOT NULL,
  `depart` int(11) NOT NULL,
  `departure` date DEFAULT NULL,
  `arrive` int(11) NOT NULL,
  `arrival` date DEFAULT NULL,
  `depart_duration` int(11) DEFAULT NULL,
  `return_duration` int(11) DEFAULT NULL,
  `fare` float NOT NULL,
  `ticket_type_id` int(11) NOT NULL,
  `created_at` datetime DEFAULT NULL,
  `updated_at` datetime DEFAULT NULL,
  PRIMARY KEY (`id`),
  KEY `bus_route_ticket_type` (`ticket_type_id`)
) ENGINE=InnoDB DEFAULT CHARSET=utf8;
/*!40101 SET character_set_client = @saved_cs_client */;

--
-- Dumping data for table `bus_route`
--

LOCK TABLES `bus_route` WRITE;
/*!40000 ALTER TABLE `bus_route` DISABLE KEYS */;
/*!40000 ALTER TABLE `bus_route` ENABLE KEYS */;
UNLOCK TABLES;

--
-- Table structure for table `category_ticket`
--

DROP TABLE IF EXISTS `category_ticket`;
/*!40101 SET @saved_cs_client     = @@character_set_client */;
/*!40101 SET character_set_client = utf8 */;
CREATE TABLE `category_ticket` (
  `id` int(11) NOT NULL AUTO_INCREMENT,
  `name` varchar(100) NOT NULL,
  `status` varchar(45) NOT NULL,
  `created_at` datetime DEFAULT NULL,
  `updated_at` datetime DEFAULT NULL,
  PRIMARY KEY (`id`)
) ENGINE=InnoDB AUTO_INCREMENT=6 DEFAULT CHARSET=utf8;
/*!40101 SET character_set_client = @saved_cs_client */;

--
-- Dumping data for table `category_ticket`
--

LOCK TABLES `category_ticket` WRITE;
/*!40000 ALTER TABLE `category_ticket` DISABLE KEYS */;
INSERT INTO `category_ticket` VALUES (1,'Singapore','active','2016-12-29 19:30:11','2017-01-22 17:03:27'),(2,'Hong Kong','active','2017-01-01 02:38:52','2017-01-22 17:00:07'),(3,'Thailand','active','2017-01-22 17:00:16','2017-01-22 17:00:16'),(4,'Malaysia','active','2017-01-22 17:00:24','2017-01-22 17:00:24'),(5,'Bali, Indonesia','active','2017-01-22 17:02:55','2017-01-22 17:02:55');
/*!40000 ALTER TABLE `category_ticket` ENABLE KEYS */;
UNLOCK TABLES;

--
-- Table structure for table `comment`
--

DROP TABLE IF EXISTS `comment`;
/*!40101 SET @saved_cs_client     = @@character_set_client */;
/*!40101 SET character_set_client = utf8 */;
CREATE TABLE `comment` (
  `id` int(11) NOT NULL AUTO_INCREMENT,
  `full_name` varchar(250) NOT NULL,
  `content` varchar(1000) NOT NULL,
  `img` varchar(200) NOT NULL,
  `status` varchar(45) NOT NULL,
  `created_at` datetime DEFAULT NULL,
  `updated_at` datetime DEFAULT NULL,
  PRIMARY KEY (`id`)
) ENGINE=InnoDB AUTO_INCREMENT=4 DEFAULT CHARSET=utf8;
/*!40101 SET character_set_client = @saved_cs_client */;

--
-- Dumping data for table `comment`
--

LOCK TABLES `comment` WRITE;
/*!40000 ALTER TABLE `comment` DISABLE KEYS */;
INSERT INTO `comment` VALUES (2,'mr. nguyen van a','datvesieure.com rat tot','1483747138.jpeg','active','2017-01-06 23:58:58','2017-01-06 23:58:58'),(3,'sdsd','test','1483747211.jpg','active','2017-01-07 00:00:11','2017-01-07 00:00:11');
/*!40000 ALTER TABLE `comment` ENABLE KEYS */;
UNLOCK TABLES;

--
-- Table structure for table `contact`
--

DROP TABLE IF EXISTS `contact`;
/*!40101 SET @saved_cs_client     = @@character_set_client */;
/*!40101 SET character_set_client = utf8 */;
CREATE TABLE `contact` (
  `id` int(11) NOT NULL AUTO_INCREMENT,
  `booking_id` int(11) NOT NULL,
  `title` varchar(3) NOT NULL,
  `fullname` varchar(100) NOT NULL,
  `first_name` varchar(50) NOT NULL,
  `last_name` varchar(50) NOT NULL,
  `phone` varchar(11) NOT NULL,
  `email` varchar(50) NOT NULL,
  `requirement` text NOT NULL,
  `created_at` datetime DEFAULT NULL,
  `updated_at` datetime DEFAULT NULL,
  PRIMARY KEY (`id`),
  KEY `contact_booking` (`booking_id`)
) ENGINE=InnoDB AUTO_INCREMENT=76 DEFAULT CHARSET=utf8;
/*!40101 SET character_set_client = @saved_cs_client */;

--
-- Dumping data for table `contact`
--

LOCK TABLES `contact` WRITE;
/*!40000 ALTER TABLE `contact` DISABLE KEYS */;
INSERT INTO `contact` VALUES (1,1,'Mr','','Nam','Le','01223955955','banamlehsb@gmail.com','',NULL,NULL),(2,2,'Ms','','Luan','Phan','01696700422','luanheo@gmail.com','',NULL,NULL),(3,0,'','','','','','','','2016-12-04 09:43:33','2016-12-04 09:43:33'),(4,5,'','','','','cv','cv','','2016-12-04 17:46:04','2016-12-04 17:46:04'),(5,6,'','','','','cv','cv','','2016-12-04 17:47:13','2016-12-04 17:47:13'),(6,7,'','','','','cv','cv','','2016-12-04 17:47:47','2016-12-04 17:47:47'),(7,8,'','','','','cv','cv','','2016-12-04 17:49:46','2016-12-04 17:49:46'),(8,9,'','','','','df','df','','2016-12-04 17:51:39','2016-12-04 17:51:39'),(9,10,'','','','','df','df','','2016-12-04 17:53:20','2016-12-04 17:53:20'),(10,11,'','','','','','','','2016-12-04 18:11:25','2016-12-04 18:11:25'),(11,12,'','','','','','','','2016-12-14 16:33:05','2016-12-14 16:33:05'),(12,13,'1','','','','3434','34','','2016-12-17 01:19:51','2016-12-17 01:19:51'),(13,14,'1','','','','3434','34','','2016-12-17 01:19:52','2016-12-17 01:19:52'),(14,15,'1','','','','3434','34','','2016-12-17 01:19:52','2016-12-17 01:19:52'),(15,16,'1','','','','3434','34','','2016-12-17 01:19:53','2016-12-17 01:19:53'),(16,17,'1','','','','3434','34','','2016-12-17 01:20:03','2016-12-17 01:20:03'),(17,18,'1','','','','3434','34','','2016-12-17 01:20:03','2016-12-17 01:20:03'),(18,1,'2','','','','0168964782','minhluan.hpl.is03@gmail.com','','2017-02-09 10:09:50','2017-02-09 10:09:50'),(19,2,'2','','','','0168964782','minhluan.hpl.is03@gmail.com','','2017-02-09 10:10:01','2017-02-09 10:10:01'),(20,3,'2','','','','0168964782','minhluan.hpl.is03@gmail.com','','2017-02-09 10:10:02','2017-02-09 10:10:02'),(21,4,'2','','','','0168964782','minhluan.hpl.is03@gmail.com','','2017-02-09 10:10:03','2017-02-09 10:10:03'),(22,6,'2','','','','0168964782','minhluan.hpl.is03@gmail.com','','2017-02-09 10:10:03','2017-02-09 10:10:03'),(23,8,'2','','','','0168964782','minhluan.hpl.is03@gmail.com','','2017-02-09 10:10:04','2017-02-09 10:10:04'),(24,9,'2','','','','0168964782','minhluan.hpl.is03@gmail.com','','2017-02-09 10:10:04','2017-02-09 10:10:04'),(25,10,'2','','','','0168964782','minhluan.hpl.is03@gmail.com','','2017-02-09 10:10:11','2017-02-09 10:10:11'),(26,11,'2','','','','0168964782','minhluan.hpl.is03@gmail.com','','2017-02-09 10:10:17','2017-02-09 10:10:17'),(27,12,'1','','','','0169673321','minhluan.hpl.is03@gmail.com','','2017-02-09 10:19:42','2017-02-09 10:19:42'),(28,13,'1','','','','0169673321','minhluan.hpl.is03@gmail.com','','2017-02-09 10:23:38','2017-02-09 10:23:38'),(29,14,'1','','','','01696700422','minhluan.hpl.is03@gmail.com','','2017-02-10 02:51:59','2017-02-10 02:51:59'),(30,15,'1','','','','0123456789','minhluan.hpl.is03@gmail.com','','2017-02-10 03:01:52','2017-02-10 03:01:52'),(31,16,'1','','','','0124567890','minhluan.hpl.is03@gmail.com','','2017-02-10 03:06:46','2017-02-10 03:06:46'),(32,17,'2','','','','01696700422','minhluan.hpl.is03@gmail.com','','2017-02-10 03:10:59','2017-02-10 03:10:59'),(33,18,'2','','','','0124568936','minhluan.hpl.is03@gmail.com','','2017-02-10 03:17:27','2017-02-10 03:17:27'),(34,19,'2','','','','01696700422','minhluan.hpl.is03@gmail.com','','2017-02-10 03:38:48','2017-02-10 03:38:48'),(35,20,'1','','','','01696700422','minhluan.hpl.is03@gmail.com','','2017-02-10 04:14:34','2017-02-10 04:14:34'),(36,21,'1','','','','01696700422','minhluan.hpl.is03@gmail.com','','2017-02-10 04:15:20','2017-02-10 04:15:20'),(37,22,'1','','','','01696700422','minhluan.hpl.is03@gmail.com','','2017-02-10 04:25:50','2017-02-10 04:25:50'),(38,23,'1','','','','01696700422','minhluan.hpl.is03@gmail.com','','2017-02-10 04:26:06','2017-02-10 04:26:06'),(39,24,'1','phan ngoc minh Luan','','','01696700422','minhluan.hpl.is03@gmail.com','','2017-02-13 07:49:37','2017-02-13 07:49:37'),(40,25,'1','Phan Ngoc Minh Luan','','','01696700422','minhluan.hpl.is03@gmail.com','','2017-02-13 09:23:03','2017-02-13 09:23:03'),(41,26,'1','dfdf','','','01696700422','minhluan.hpl.is03@gmail.com','','2017-02-14 03:48:13','2017-02-14 03:48:13'),(42,27,'1','laun','','','01696700422','minhluan.hpl.is03@gmail.com','123','2017-02-14 06:44:38','2017-02-14 06:44:38'),(43,28,'1','nam heo','','','0123955955','minhluan.hpl.is03@gmail.com','test','2017-02-14 07:03:19','2017-02-14 07:03:19'),(44,29,'1','nam heo','','','01223955955','minhluan.hpl.is03@gmail.com','123','2017-02-14 07:05:21','2017-02-14 07:05:21'),(45,30,'1','dferer','','','01696700422','minhluan.hpl.is03@gmail.com','erer','2017-02-14 07:07:34','2017-02-14 07:07:34'),(46,31,'1','dfdf','','','01696700422','minhluan.hpl.is03@gmail.com','rtr','2017-02-14 07:15:47','2017-02-14 07:15:47'),(47,32,'1','Nam Bo','','','01696700424','minhluan.hpl.is03@gmail.com','er','2017-02-14 07:22:49','2017-02-14 07:22:49'),(48,33,'1','fgfg','','','01696700422','minhluan.hpl.is03@gmail.com','rtrt','2017-02-14 07:50:49','2017-02-14 07:50:49'),(49,34,'1','dfdf','','','01696700422','minhluan.hpl.is03@gmail.com','eerer','2017-02-14 08:00:48','2017-02-14 08:00:48'),(50,35,'1','erer','','','01696700422','minhluan.hpl.is03@gmail.com','erre','2017-02-14 08:04:10','2017-02-14 08:04:10'),(51,36,'1','dfdf','','','01696700422','minhluan.hpl.is03@gmail.com','erer','2017-02-14 08:39:59','2017-02-14 08:39:59'),(52,37,'1','dfdf','','','01696700422','minhluan.hpl.is03@gmail.com','erer','2017-02-14 08:45:06','2017-02-14 08:45:06'),(53,38,'1','dfdf','','','01696700422','minhluan.hpl.is03@gmail.com','dff','2017-02-14 08:56:39','2017-02-14 08:56:39'),(54,39,'1','test','','','01696700422','minhluan.hpl.is03@gmail.com','yeu cau dac biet','2017-02-15 02:05:39','2017-02-15 02:05:39'),(55,40,'1','df','','','01696700422','minhluan.hpl.is03@gmail.com','','2017-02-15 02:15:16','2017-02-15 02:15:16'),(56,41,'1','df','','','01696700422','minhluan.hpl.is03@gmail.com','dfd','2017-02-15 02:17:29','2017-02-15 02:17:29'),(57,42,'1','dfdf','','','01696700422','minhluan.hpl.is03@gmail.com','df','2017-02-15 02:23:59','2017-02-15 02:23:59'),(58,43,'1','df','','','01696700422','minhluan.hpl.is03@gmail.com','123','2017-02-15 02:25:31','2017-02-15 02:25:31'),(59,44,'1','dfd','','','01696700422','minhluan.hpl.is03@gmail.com','dfdf','2017-02-15 02:28:38','2017-02-15 02:28:38'),(60,45,'1','dfdf','','','01696700422','minhluan.hpl.is03@gmail.com','dfdf','2017-02-15 07:23:42','2017-02-15 07:23:42'),(61,46,'1','minh','','','01696700422','minhluan.hpl.is03@gmail.com','456','2017-02-15 07:29:32','2017-02-15 07:29:32'),(62,47,'1','dfd','','','01696700422','minhluan.hpl.is03@gmail.com','','2017-02-15 07:40:57','2017-02-15 07:40:57'),(63,48,'1','dfdf','','','01696700422','minhluan.hpl.is03@gmail.com','123','2017-02-15 09:24:51','2017-02-15 09:24:51'),(64,49,'1','a luan','','','01696700422','minhluan.hpl.is03@gmail.com','erw','2017-02-16 04:04:28','2017-02-16 04:04:28'),(65,50,'1','test','','','01696700422','minhluan.hpl.is03@gmail.com','3434','2017-02-16 04:11:58','2017-02-16 04:11:58'),(66,51,'1','test','','','01696700422','minhluan.hpl.is03@gmail.com','1234','2017-02-16 06:25:07','2017-02-16 06:25:07'),(67,52,'2','Thuy','','','01696700422','minhluan.hpl.is03@gmail.com','234','2017-02-16 06:32:45','2017-02-16 06:32:45'),(68,54,'2','Thuy','','','01696700422','minhluan.hpl.is03@gmail.com','123','2017-02-16 06:46:26','2017-02-16 06:46:26'),(69,55,'2','thuy','','','01696700422','minhluan.hpl.is03@gmail.com','','2017-02-16 06:50:18','2017-02-16 06:50:18'),(70,56,'1','luan','','','01696700422','minhluan.hpl.is03@gmail.com','','2017-02-16 06:54:16','2017-02-16 06:54:16'),(71,57,'1','luan','','','01696700422','minhluan.hpl.is03@gmail.com','','2017-02-16 07:13:43','2017-02-16 07:13:43'),(72,58,'1','luan','','','01696700422','minhluan.hpl.is03@gmail.com','','2017-02-16 07:22:32','2017-02-16 07:22:32'),(73,59,'1','luan','','','01696700422','minhluan.hpl.is03@gmail.com','','2017-02-16 07:24:10','2017-02-16 07:24:10'),(74,60,'1','minh','','','01696700422','minhluan.hpl.is03@gmail.com','','2017-02-16 07:28:21','2017-02-16 07:28:21'),(75,61,'2','Cao Thi Ngoc Thuy','','','01696700422','thuyffc@gmail.com','','2017-02-16 07:32:25','2017-02-16 07:32:25');
/*!40000 ALTER TABLE `contact` ENABLE KEYS */;
UNLOCK TABLES;

--
-- Table structure for table `entrance_ticket`
--

DROP TABLE IF EXISTS `entrance_ticket`;
/*!40101 SET @saved_cs_client     = @@character_set_client */;
/*!40101 SET character_set_client = utf8 */;
CREATE TABLE `entrance_ticket` (
  `id` int(11) NOT NULL AUTO_INCREMENT,
  `name` varchar(100) NOT NULL,
  `category_ticket_id` int(11) NOT NULL,
  `adult_fare` float NOT NULL,
  `children_fare` float NOT NULL,
  `description` varchar(1000) DEFAULT NULL,
  `content` text NOT NULL,
  `include` varchar(1000) NOT NULL,
  `not_include` varchar(1000) DEFAULT NULL,
  `notice` varchar(1000) DEFAULT NULL,
  `support` varchar(1000) DEFAULT NULL,
  `longitude` varchar(100) DEFAULT NULL,
  `latitude` varchar(100) DEFAULT NULL,
  `status` varchar(45) NOT NULL,
  `created_at` datetime DEFAULT NULL,
  `updated_at` datetime DEFAULT NULL,
  PRIMARY KEY (`id`)
) ENGINE=InnoDB AUTO_INCREMENT=19 DEFAULT CHARSET=utf8;
/*!40101 SET character_set_client = @saved_cs_client */;

--
-- Dumping data for table `entrance_ticket`
--

LOCK TABLES `entrance_ticket` WRITE;
/*!40000 ALTER TABLE `entrance_ticket` DISABLE KEYS */;
INSERT INTO `entrance_ticket` VALUES (1,'Vé đu quay khổng lồ Singapore Flyer',1,470000,320000,'Nằm ở Vịnh Marina, vòng đu quay Singapore Flyer đã được công nhận là đu quay lớn nhất thế giới hiện nay, có độ cao tương đương với độ cao của tòa nhà 42 tầng. Đứng ở độ cao chóng mặt 165m, bạn sẽ cảm nhận được cảnh vật tuyệt đẹp của bầu trời Singapore','<p>Singapore Flyer đ&atilde; được c&ocirc;ng nhận l&agrave; đu quay lớn nhất thế giới hiện nay, c&oacute; độ cao tương đương với độ cao của một cao ốc 42 tầng, lớn hơn cả đu quay London Eye nổi tiếng tại nước Anh. Đu quay n&agrave;y kh&aacute; bề thế, với 28 cabin chở kh&aacute;ch. Mỗi cabin c&oacute; k&iacute;ch cỡ tương đương một chiếc xe bu&yacute;t lớn, c&oacute; m&aacute;y lạnh, chứa được 28 người/lượt. Mỗi v&ograve;ng quay của b&aacute;nh xe đu k&eacute;o d&agrave;i đ&uacute;ng 30 ph&uacute;t n&ecirc;n cứ mỗi giờ b&aacute;nh xe đu quay tải được khoảng 1.000 người l&ecirc;n độ cao 165m để ngắm cảnh th&agrave;nh phố với tầm nh&igrave;n xa tới 45km. Cũng do cabin lớn như vậy n&ecirc;n du kh&aacute;ch c&oacute; thể đi lại trong cabin m&agrave; ngắm cảnh từ nhiều g&oacute;c độ của th&agrave;nh phố Singapore. Nhờ đ&oacute; kh&aacute;ch chơi đu kh&ocirc;ng c&oacute; cảm gi&aacute;c ch&oacute;ng mặt, kh&ocirc;ng cảm thấy cabin bị lắc, x&oacute;c khi vận h&agrave;nh l&ecirc;n cao.<br />\n<br />\n<strong>V&ograve;ng đu quay Singapore Flyer</strong><br />\n<br />\nDưới &aacute;nh nắng mặt trời, c&ugrave;ng những &aacute;ng m&acirc;y, đ&acirc;y l&agrave; cơ hội để bạn trải nghiệm trọn vẹn những địa điểm đặc sắc nhất, những di sản đẹp nhất nơi đ&acirc;y. D&ograve;ng s&ocirc;ng Singapore uốn lượn, Marina Bay Sands xa hoa, Marlion Park (c&ocirc;ng vi&ecirc;n Sư tử biển) s&ocirc;i động, nh&agrave; h&aacute;t Sầu ri&ecirc;ng hiện đại v&agrave; nhiều nhiều những kh&ocirc;ng gian văn h&oacute;a, kiến tr&uacute;c v&agrave; lịch sử kh&aacute;c, đặc biệt l&agrave; những khoảng xanh m&aacute;t mắt của của đất nước được mệnh danh sạch sẽ nhất thế giới sẽ lần lượt hiện ra trong tầm mắt của bạn. Hơn thế nữa, nếu ph&oacute;ng tầm nh&igrave;n xa hơn một ch&uacute;t, bạn c&oacute; thể dễ d&agrave;ng chi&ecirc;m ngưỡng một phần đất nước Indonesia v&agrave; Malaysia ở b&ecirc;n kia bi&ecirc;n giới.<br />\n&nbsp; &nbsp; &nbsp; &nbsp;&nbsp;<br />\nSingapore Flyer Flight mang lại cho bạn những khoảnh khắc tuyệt vời nhất: l&agrave; một Singapore đẹp ngỡ ng&agrave;ng về đ&ecirc;m v&agrave; trải nghiệm cảm gi&aacute;c l&acirc;ng l&acirc;ng sảng kho&aacute;i như bay giữa bầu trời trong xanh. Mỗi năm điểm tham quan n&agrave;y thu h&uacute;t h&agrave;ng triệu kh&aacute;ch du lịch tr&ecirc;n thế giới. Vậy th&igrave;, nếu đ&atilde; đặt ch&acirc;n tới đảo quốc Sư tử biển xinh đẹp, l&agrave;m sao bạn c&oacute; thể bỏ lỡ chuyến du ngoạn tr&ecirc;n bầu trời n&agrave;y được?</p>\n','Vé tham quan 1 lượt đu quay Singapore Flyer, có giá trị trong ngày','- Chi phí đi lại\n- Đồ ăn, nước uống\n- Các chi phí khác ngoài chương trình','','','103.863137','1.289299','','2017-01-02 09:11:53','2017-02-05 13:11:09'),(3,'Vé tham quan thủy cung lớn nhất thế giới S.E.A Aquarium',1,355000,265000,'Là công viên thủy cung lớn nhất Đông Nam Á, S.E.A  Aquarium đem lại cho du khách những khoảnh khắc khám phá đáy biển cực kỳ thú vị, chắc chắn là một điểm tham quan cực kỳ hấp dẫn mà bạn không nên bỏ lỡ khi đã chọn Singapore làm điểm dừng chân cho hành trình du lịch của mình.','<p>Ch&iacute;nh thức mở cửa v&agrave;o th&aacute;ng 11/2012,thủy cung S.E.A Aquarium tọa lạc tại h&ograve;n đảo Sentosa mang đến cho du kh&aacute;ch một thế giới đại dương bao la tuyệt đẹp. S.E.A. Aquarium được mệnh danh thủy cung lớn nhất thế giới &ndash; l&agrave; nơi trưng b&agrave;y hơn 100.000 sinh vật biển thuộc 800 lo&agrave;i v&agrave; hơn 20.000 loại san h&ocirc; với sức chứa l&ecirc;n tới 45 triệu l&iacute;t nước. Thủy cung c&ograve;n c&oacute; d&ograve;ng s&ocirc;ng lười d&agrave;i nhất thế giới, khoảng 620 m&eacute;t.&nbsp;Trải nghiệm cảm gi&aacute;c dạo bước giữa thế giới động vật biển đa dạng, thiết kế khoa học, c&ocirc;ng nghệ hiện đại v&agrave; hệ thống chiếu s&aacute;ng tối t&acirc;n cho ph&eacute;p du kh&aacute;ch thưởng ngoạn trọn vẹn vẻ đẹp mu&ocirc;n m&agrave;u của đại dương. Với sức chứa hơn 45 triệu l&iacute;t nước, l&agrave; nơi cư tr&uacute; cho hơn 100.000 sinh vật biển phong ph&uacute;, S.E.A Aquarium chắc chắn l&agrave; một điểm tham quan cực kỳ hấp dẫn m&agrave; bạn kh&ocirc;ng n&ecirc;n bỏ lỡ khi đ&atilde; chọn Singapore l&agrave;m điểm dừng ch&acirc;n cho h&agrave;nh tr&igrave;nh du lịch của m&igrave;nh.<br />\n<br />\nLối ch&iacute;nh dẫn v&agrave;o 10 khu đại dương nh&acirc;n tạo m&ocirc; phỏng lại 49 m&ocirc;i trường sống kh&aacute;c nhau của c&aacute;c lo&agrave;i sinh vật biển tại Đ&ocirc;ng Nam &Aacute; v&agrave; vịnh Ả Rập. Khu vực trung t&acirc;m của Thủy cung Singapore l&agrave; một &ldquo;bể c&aacute; khổng lồ&rdquo; được tạo th&agrave;nh bởi tấm k&iacute;nh lớn nhất thế giới với chiều rộng 36m, cao 8,3m. Qua hệ thống &ocirc; k&iacute;nh trong suốt, du kh&aacute;ch c&oacute; thể thoải m&aacute;i ngắm nh&igrave;n bộ sưu tập sinh vật biển như c&aacute; mập, c&aacute; heo, nhện khổng lồ, c&aacute; đuối c&ugrave;ng v&ocirc; số c&aacute;c lo&agrave;i lạ v&agrave; qu&yacute; hiếm.<br />\n<br />\nB&ecirc;n cạnh c&aacute;c bể nước l&agrave; m&agrave;n h&igrave;nh chiếu phim, bảng biểu cung cấp cho du kh&aacute;ch đầy đủ th&ocirc;ng tin về từng lo&agrave;i sinh vật trong Thủy cung Singapore. Đặc biệt, tại khu vực Touch Pool, du kh&aacute;ch c&oacute; thể được chạm trực tiếp v&agrave;o c&aacute;c con sao biển.<br />\n<br />\nNgo&agrave;i ra, du kh&aacute;ch c&oacute; thể trải nghiệm bữa tối tại nh&agrave; h&agrave;ng Đại dương, xung quanh l&agrave; những sinh vật biển bơi lội tung tăng. Thực đơn bao gồm c&aacute;c loại hải sản được chế biến theo y&ecirc;u cầu của thực kh&aacute;ch.<br />\n<br />\nVới kh&ocirc;ng gian hiện đại, kiến tr&uacute;c độc đ&aacute;o, cho ph&eacute;p bạn c&oacute; được cảm gi&aacute;c như dạo chơi dưới đ&aacute;y đại dương v&ocirc; c&ugrave;ng ch&acirc;n thực. H&atilde;y c&ugrave;ng thả hồn thư gi&atilde;n b&ecirc;n c&aacute;c ch&uacute; c&aacute; đang tự do tung tăng chỉ c&aacute;ch bạn thật gần hay bất chợt bạn dừng ch&acirc;n v&igrave; say đắm vẻ đẹp đầy m&agrave;u sắc của từng đ&agrave;n sứa bơi lội mềm mại giữa l&agrave;n nước xanh thăm thẳm, h&atilde;y để tr&iacute; tưởng tượng được thỏa sức tung ho&agrave;nh v&agrave; tận hưởng cảm gi&aacute;c được vẫy v&ugrave;ng giữa biển khơi, chi&ecirc;m ngưỡng vẻ lung linh đ&aacute;ng ngưỡng mộ của những rặng san h&ocirc; đủ sắc m&agrave;u. Tất cả đều hứa hẹn đem lại cho bạn nhiều khoảnh khắc kh&ocirc;ng thể n&agrave;o qu&ecirc;n khi đ&atilde; đến với đảo Sentosa v&agrave; đất nước Singapore.</p>\n\n<p>&nbsp;</p>\n\n<h2>Địa điểm sử dụng</h2>\n\n<p><strong>Địa điểm v&agrave; thời gian sử dụng</strong></p>\n\n<ul>\n	<li>Địa điểm: S.E.A. Aquarium, 24 Sentosa Gateway, Singapore</li>\n	<li>Thời gian: 10:00 - 19:00 mỗi ng&agrave;y</li>\n	<li>Thời lượng: 5 giờ (ước lượng)</li>\n</ul>\n\n<p><strong>Hướng dẫn đi lại</strong></p>\n\n<ul>\n	<li><strong>MRT &amp; Sentosa Express Train</strong>\n\n	<ul>\n		<li>Đi MRT tuyến North-East hoặc tuyến Circle đến trạm HabourFront.</li>\n		<li>Đi ra cửa E để đến Vivo City v&agrave; l&ecirc;n tầng 3 mua v&eacute; Sentosa Express Train. Sau đ&oacute; xuống bến số 1 tại nh&agrave; ga Waterfront.</li>\n		<li>Đi về ph&iacute;a bức tượng Merlion. Thẳng qua cửa h&agrave;ng Candylicous ph&iacute;a b&ecirc;n tr&aacute;i.</li>\n		<li>Tiếp tục đi về ph&iacute;a b&ecirc;n tr&aacute;i, băng qua c&acirc;y cầu nhỏ l&agrave; thấy Bảo t&agrave;ng H&agrave;ng hải. S.E.A Aquarium nằm ở b&ecirc;n trong.</li>\n	</ul>\n	</li>\n	<li><strong>Bus</strong>\n	<ul>\n		<li>Đi xe bus số 65, 80, 93, 188, 855, 10, 30, 97, 100, 131, 143, 145 hoặc 166 v&agrave; xuống xe tại VivoCity.</li>\n		<li>Đi xe bu&yacute;t RWS8 từ trạm 14.141 VivoCity hoặc trạm 14.121 Merrill Lynch, HarbourFront. Xuống xe tại Resorts World Sentosa.</li>\n		<li>Đi v&agrave;o, rẽ phải v&agrave; đi bộ đến cuối đường.</li>\n		<li>Đi thang cuốn l&ecirc;n đến tầng 1 v&agrave; bạn sẽ thấy Bảo t&agrave;ng H&agrave;ng hải. S.E.A. Aquarium nằm b&ecirc;n trong&nbsp;bảo t&agrave;ng n&agrave;y.</li>\n	</ul>\n	</li>\n	<li><strong>Taxi</strong>\n	<ul>\n		<li>Y&ecirc;u cầu taxi đưa đến Resort World Sentosa.</li>\n		<li>Từ b&atilde;i đỗ xe, di chuyển v&agrave;o trong, rẽ phải, đến cuối đường.</li>\n		<li>L&ecirc;n tầng 1, băng qua c&acirc;y cầu nhỏ, bạn sẽ thấy Bảo t&agrave;ng H&agrave;ng hải.&nbsp;S.E.A. Aquarium nằm b&ecirc;n trong&nbsp;bảo t&agrave;ng n&agrave;y.</li>\n	</ul>\n	</li>\n</ul>\n\n<h2>Hướng dẫn sử dụng</h2>\n\n<ul>\n	<li>Đối với&nbsp;<strong>v&eacute; người lớn</strong>: Qu&eacute;t m&atilde; vạch trực tiếp tại cổng&nbsp;S.E.A Aquarium.&nbsp;</li>\n	<li>Đối với&nbsp;<strong>v&eacute; trẻ em</strong>: Qu&eacute;t m&atilde; vạch trực tiếp tại cổng&nbsp;S.E.A Aquarium.&nbsp;</li>\n	<li>V&eacute; S.E.A Aquarium c&oacute; thời hạn sử dụng 30 ng&agrave;y kể từ ng&agrave;y sử dụng ghi tr&ecirc;n v&eacute;.</li>\n	<li>Đối với v&eacute; trẻ em, vui l&ograve;ng mang theo giấy tờ chứng minh độ tuổi của b&eacute;.</li>\n	<li>C&oacute; thể in voucher v&agrave; qu&eacute;t m&atilde; vạch tr&ecirc;n giấy (n&ecirc;n l&agrave;m) hoặc qu&eacute;t trực tiếp tr&ecirc;n điện thoại.</li>\n	<li>Xuất tr&igrave;nh&nbsp;hộ chiếu c&oacute; ảnh để đối chiếu (bản photo/h&igrave;nh chụp) nếu c&oacute; y&ecirc;u cầu.</li>\n	<li>Chỉ c&oacute; thể qu&eacute;t&nbsp;voucher một lần.</li>\n	<li>Mỗi c&aacute; nh&acirc;n sử dụng một Voucher.</li>\n</ul>\n\n<h2>Th&ocirc;ng tin hữu &iacute;ch</h2>\n\n<ul>\n	<li>Gi&aacute; v&eacute; trẻ em &aacute;p dụng cho trẻ từ 4 - 12 tuổi.</li>\n</ul>\n','Vé tham quan S.E.A Aquarium.','- Đưa đón tại khách sạn\n- Các chi phí khác (tiền tips, đi lại, ăn uống…) không bao gồm trong vé','Giờ mở cửa có thể thay đổi mà không báo trước.','Vé đã mua không được hoàn, hủy hoặc đổi trả.','103.820470','1.258305','','2017-01-14 07:31:42','2017-02-05 13:10:22'),(4,'Vé tham quan Vườn thú trên sông River Safari',1,375000,275000,'Là công viên hoang dã theo chủ đề sông nước đầu tiên và duy nhất Châu Á, Singapore River Safari là một thế giới của những con sông và hàng ngàn sinh vật đặc trưng nhất trên thế giới, bạn có cơ hội ngắm nhìn những dòng sông thơ mộng, thư giãn với không gian xanh mướt của tự nhiên cùng những loài cá và thủy sinh vật thú vị','<h2>Điểm nổi bật</h2>\n\n<ul>\n	<li>V&eacute; Singapore River Safari - C&ocirc;ng vi&ecirc;n s&ocirc;ng nước đầu ti&ecirc;n v&agrave; duy nhất tr&ecirc;n thế giới với hơn 6000 c&aacute; thể thuộc 40 lo&agrave;i động vật c&oacute; t&ecirc;n trong s&aacute;ch đỏ đến từ 8 con s&ocirc;ng lớn tr&ecirc;n thế giới.</li>\n	<li>Trải nghiệm th&uacute; vị khi lần lượt đi qua những con s&ocirc;ng nổi tiếng, ngắm nh&igrave;n khu sinh th&aacute;i đa dạng, đặc trưng của từng con s&ocirc;ng với hệ thống sinh vật phong ph&uacute;.</li>\n	<li>Tham quan khu rừng Gấu tr&uacute;c khổng lồ, hồ nước ngọt Amazon v&agrave; những địa danh s&ocirc;ng nước nổi tiếng tr&ecirc;n thế giới.</li>\n	<li>Bạn c&oacute; thể lựa chọn phương tiện cho chuyến tham quan của m&igrave;nh, l&agrave; một v&ograve;ng với Amazon River Quest Boat Ride, River Safari Cruise Boat Ride hay những sự lựa chọn th&uacute; vị kh&aacute;c.</li>\n</ul>\n\n<p><img alt=\"Details\" src=\"http://divui.com/content/images/thumbs/0001768_singapore-river-safari-ve-tham-quan.jpeg\" /></p>\n\n<p><a href=\"http://divui.com/Singapore-River-Safari-Ve-tham-quan#carousel-example-generic\">Previous</a><a href=\"http://divui.com/Singapore-River-Safari-Ve-tham-quan#carousel-example-generic\">Next</a></p>\n\n<h2>Bạn được trải nghiệm những g&igrave;?</h2>\n\n<p>Nếu sở th&uacute; safari mang ch&uacute;t g&igrave; đ&oacute; Phi Ch&acirc;u, Night Safari đưa bạn x&acirc;m nhập thế giới đ&ecirc;m của mu&ocirc;n lo&agrave;i th&igrave; River Safari sẽ mang bạn đến thế giới s&ocirc;ng nước. L&agrave; c&ocirc;ng vi&ecirc;n s&ocirc;ng nước đầu ti&ecirc;n v&agrave; duy nhất tại Ch&acirc;u &Aacute;, Singapore River Safari l&agrave; &quot;ng&ocirc;i nh&agrave; chung&quot; của hơn 6000 c&aacute; thế thuộc 40 lo&agrave;i, bao gồm&nbsp;một số lo&agrave;i đang được liệt k&ecirc; trong s&aacute;ch đỏ. Đặc biệt hơn, nơi đ&acirc;y c&ograve;n được đặt t&ecirc;n theo c&aacute;c d&ograve;ng s&ocirc;ng nổi tiếng c&ugrave;ng với bối cảnh v&agrave; lo&agrave;i vật đặc trưng khắp thế giới.</p>\n\n<p>Đ&oacute; c&oacute; thể l&agrave; d&ograve;ng&nbsp;Mississippi với những ch&uacute; hải ly đ&aacute;ng y&ecirc;u c&ugrave;ng những ch&uacute; c&aacute; sấu Nam Mỹ to lớn. Hay bạn c&oacute; thể xu&ocirc;i theo d&ograve;ng Congo, nơi lo&agrave;i c&aacute; n&oacute;c lớn nhất thế giới ch&agrave;o đ&oacute;n bạn với vẻ ngo&agrave;i ngộ nghĩnh. Đ&oacute; cũng c&oacute; thể l&agrave; d&ograve;ng Nile huyền b&iacute; với những ch&uacute; c&aacute; hổ hung tợn. Tiếp tục sẽ l&agrave; d&ograve;ng Mekong tưởng như quen thuộc nhưng lại l&agrave; &quot;nơi tr&uacute; ẩn&quot; của những lo&agrave;i k&igrave;nh ngư to lớn khổng lồ. h&atilde;y Hay chỉ cần di chuyển một ch&uacute;t, bạn sẽ đến với Dương Tử v&agrave; nơi những ch&uacute; gấu tr&uacute;c đỏ đ&aacute;ng y&ecirc;u đang chăm ch&uacute; nh&igrave;n bạn.</p>\n\n<p>Th&uacute; vị hơn nữa, bạn c&oacute; thể chọn cho m&igrave;nh một chuyến th&aacute;m hiểm Amazon đầy thử th&aacute;ch với những hang động &acirc;m u, những động vật ăn thịt nhanh nhẹn chỉ với một chiếc thuyền nhỏ. L&agrave; một người ưa th&iacute;ch kh&aacute;m ph&aacute; hay đơn thuần chỉ muốn t&igrave;m kiếm một khoảng thi&ecirc;n nhi&ecirc;n xanh m&aacute;t trong một ng&agrave;y h&egrave; oi ả, d&ugrave; mong muốn của bạn l&agrave; g&igrave; th&igrave; Singapore River Safari lu&ocirc;n l&agrave; một kh&ocirc;ng gian l&yacute; tưởng d&agrave;nh ri&ecirc;ng cho bạn v&agrave; gia đ&igrave;nh.</p>\n\n<p>&nbsp;</p>\n\n<h2>Địa điểm sử dụng</h2>\n\n<p><strong>Địa điểm sử dụng v&agrave; thời gian hoạt động</strong></p>\n\n<ul>\n	<li>Địa điểm sử dụng: 80 Mandai Lake Road, Singapore.</li>\n	<li>Giờ hoạt động: 10:00 - 19:00</li>\n	<li>Lượt tham quan cuối c&ugrave;ng: 18:00</li>\n	<li>Thời lượng tham quan: 3 giờ 45 ph&uacute;t (ước lượng)</li>\n</ul>\n\n<p><strong>Hướng dẫn đi lại</strong></p>\n\n<ul>\n	<li><strong>MRT v&agrave; Bus</strong>\n\n	<ul>\n		<li>Đi MRT đến trạm Choa Chu Kang, sau đ&oacute; bắt xe bus số 927.</li>\n		<li>Đi MRT đến trạm Ang Mo Kio, sau đ&oacute; bắt xe bus số 138.</li>\n		<li>Đi MRT đến trạm Marsiling hoặc trạm Woodlands, sau đ&oacute; bắt xe bus số 926 (chỉ hoạt động v&agrave;o ng&agrave;y Chủ nhật v&agrave; c&aacute;c ng&agrave;y lễ).</li>\n	</ul>\n	</li>\n	<li>Ngo&agrave;i ra bạn c&oacute; thể chọn c&aacute;c phương tiện kh&aacute;c, vui l&ograve;ng tham khảo tại đ&acirc;y: http://www.riversafari.com.sg/visitor-info/public-transport.html</li>\n</ul>\n\n<h2>Hướng dẫn sử dụng</h2>\n\n<ul>\n	<li>Đổi v&eacute; tại quầy v&eacute; River Safari.</li>\n	<li>Quầy v&eacute; hoạt động từ 10:00 s&aacute;ng đến 6:00 chiều.</li>\n	<li>Đưa hộ chiếu c&oacute; ảnh để đối chiếu. T&ecirc;n h&agrave;nh kh&aacute;ch trong voucher phải tr&ugrave;ng với t&ecirc;n trong hộ chiếu. Nếu voucher gồm nhiều h&agrave;nh kh&aacute;ch, chỉ cần hộ chiếu của người mua tour (thể hiện tr&ecirc;n voucher).</li>\n	<li>Đối với v&eacute; trẻ em, vui l&ograve;ng mang theo giấy tờ chứng minh độ tuổi của b&eacute;.</li>\n	<li>Voucher chỉ c&oacute; gi&aacute; trị 30 ng&agrave;y kể từ ng&agrave;y sử dụng. Voucher qu&aacute; hạn sẽ kh&ocirc;ng được ho&agrave;n tiền.</li>\n	<li>Voucher kh&ocirc;ng được chuyển nhượng.</li>\n	<li>Voucher bao gồm v&eacute; tham quan River Safari v&agrave; (1)&nbsp;Amazon River Quest Ride hoặc (2) River Safari Cruise&nbsp;(chọn 1 trong 2)</li>\n</ul>\n\n<h2>Th&ocirc;ng tin hữu &iacute;ch</h2>\n\n<ul>\n	<li>Du kh&aacute;ch tham quan v&agrave;o ng&agrave;y sinh nhật được miễn ph&iacute; v&eacute; v&agrave;o cổng.</li>\n	<li>Du kh&aacute;ch c&oacute; thể chọn V&eacute; River Safari Boat Ride hoặc V&eacute; River Safari Bundle.</li>\n	<li>Đối với v&eacute; River Safari Boat Ride: bạn được chọn 1 trong 2 loại phương tiện: Amazon River Quest Boat Ride (đ&oacute;ng cửa bảo tr&igrave; v&agrave;o c&aacute;c ng&agrave;y 4/5, 8/6, 1/7, 3/8, 1/9. 5/10/ 2/11, 1/12) v&agrave; River Safari Cruise Boat Ride.</li>\n</ul>\n','- Vé tham quan Singapore River Safari\n- Vé đi thuyền Amazon River Quest Ride hoặc River Safari Cruise (chọn 1 trong 2)','- Đưa đón tại khách sạn.\n- Cách dịch vụ khác (ăn uống, đi lại) không được nêu trong vé.',NULL,NULL,'103.791741','1.402949','','2017-01-14 07:44:10','2017-02-05 13:12:37'),(5,'Vé tham quan vườn chim Jurong',1,375000,265000,'Jurong Bird Park tại quốc gia Singapore là một địa điểm thu hút đông đảo lượng khách du lịch hàng năm. Chính thức mở cửa vào năm 1971 và là một trong những khu bảo tồn chim nổi tiếng nhất thế giới với diện tích hơn 200.000 m2, chuyên bảo tồn hơn 400 loài chim với gần 5.000 cá thể .','<p>Jurong Bird Park &nbsp;rộng 20ha với hơn 9.000 người bạn l&ocirc;ng vũ từ hơn 600 lo&agrave;i, vườn chim Jurong l&agrave; c&ocirc;ng vi&ecirc;n chim lớn nhất v&agrave; ấn tượng nhất trong khu vực ch&acirc;u &Aacute; Th&aacute;i B&igrave;nh Dương. Th&uacute; vị nhất khi đến Jurong l&agrave; được xem những ch&uacute; chim trong vườn biểu diễn c&aacute;c tiết mục. Mỗi ng&agrave;y, Jurong c&oacute; 2 live show, mỗi live show c&oacute; tr&ecirc;n 1.000 kh&aacute;n giả. Muốn chụp h&igrave;nh với c&aacute;c ch&uacute; chim, bạn phải tốn 10 Dollar Singapore ( khoảng 100.000 đồng Việt Nam).<br />\n<br />\nĐến vườn chim Jurong, thoạt ti&ecirc;n bạn sẽ c&oacute; cảm gi&aacute;c cảnh tr&iacute; thi&ecirc;n nhi&ecirc;n nh&acirc;n tạo nơi đ&acirc;y kh&ocirc;ng kh&aacute;c C&ocirc;ng vi&ecirc;n Văn h&oacute;a Đầm Sen l&agrave; bao. Nhưng khi l&ecirc;n t&agrave;u điện tr&ecirc;n kh&ocirc;ng tham quan vườn chim, bạn sẽ ngỡ ng&agrave;ng: tr&ecirc;n c&agrave;nh c&acirc;y, dưới mặt đất, thậm ch&iacute; chen v&agrave;o cả những mỏm đ&aacute; giữa hồ, đ&acirc;u đ&acirc;u cũng c&oacute; những ch&uacute; chim xinh đẹp: ho&agrave;ng hạc, hồng hạc, c&ograve;, bồ n&ocirc;ng, vẹt, s&aacute;o, k&eacute;c, thi&ecirc;n nga&hellip; Mỗi lo&agrave;i chim mang một m&agrave;u sắc: hồng phơn phớt, trắng tinh kh&ocirc;i, xanh mướt mắt, c&oacute; con th&igrave; đủ m&agrave;u sắc, y như tranh vẽ.<br />\n<br />\nCh&uacute;ng sống tự nhi&ecirc;n, kh&ocirc;ng hề sợ h&atilde;i khi thấy c&oacute; h&agrave;ng ng&agrave;n người xung quanh m&igrave;nh. Đ&agrave;n hồng hạc cứ vui đ&ugrave;a t&oacute;e nước, v&agrave;i ch&uacute; chim sặc sỡ đang&hellip; d&ugrave;ng điểm t&acirc;m, ph&iacute;a b&ecirc;n trong hồ nước, một đ&ocirc;i thi&ecirc;n nga đang &acirc;u yếm&hellip;Chuồng chim Waterfall l&agrave; nơi lu&ocirc;n lu&ocirc;n được y&ecirc;u th&iacute;ch nhất, nơi cư tr&uacute; của 1.500 lo&agrave;i chim ch&acirc;u Phi bay lượn tự do. Tương tự như Waterfall, Riverine, con s&ocirc;ng nước ngọt nh&acirc;n tạo mới l&agrave; m&ocirc;i trường sinh sống của hơn 20 lo&agrave;i vịt, c&aacute; v&agrave; r&ugrave;a. Những ch&uacute; chim c&aacute;nh cụt th&igrave; được nu&ocirc;i trong &ldquo;ng&ocirc;i nh&agrave;&rdquo; Nam Cực cho đến chuồng chim Đ&ocirc;ng Nam &Aacute; l&agrave; vườn chim c&oacute; lối đi ri&ecirc;ng với những cơn b&atilde;o tố nhiệt đới nh&acirc;n tạo, c&aacute;c lo&agrave;i chim n&agrave;y y&ecirc;u th&iacute;ch m&ocirc;i trường được thiết kế gần như m&ocirc;i trường sống tự nhi&ecirc;n của ch&uacute;ng.<br />\nC&ograve;n nhiều, nhiều nữa những điểm th&uacute; vị về Jurong Bird Park đang chờ đ&oacute;n bạn một lần đặt ch&acirc;n đến nơi đ&acirc;y. Vườn chim tuyệt vời n&agrave;y đ&atilde; g&oacute;p phần kh&ocirc;ng nhỏ trong việc x&acirc;y dựng vẻ đẹp xanh của quốc đảo Singapore. H&atilde;y thử &ldquo;mở l&ograve;ng&rdquo; m&igrave;nh đến với Jurong Bird Park, để cảm nhận thi&ecirc;n nhi&ecirc;n trong l&agrave;nh, c&aacute;c chủng lo&agrave;i chim đa dạng, v&agrave; để mang về cho m&igrave;nh những trải nghiệm kh&oacute; qu&ecirc;n.</p>\n','- Vé tham quan Jurong Bird Park\n- Xe điện không giới hạn','Các chi phí cá nhân khác (các hoạt động giải trí, ăn uống không được đề cập trong chi tiết vé).','Lưu ý:\nVé có hạn sử dụng 30 ngày kể từ ngày sử dụng được ghi trên vé.\nNgày 19/1/2017, Jurong Bird Park Singapore sẽ đóng cửa sớm vào 17:30 nhằm phục vụ sự kiện thường niên của Wildlife Reserves Singapore. Quý khách vui lòng đổi vé trước giờ đóng cửa ít nhất 2 tiếng để đảm bảo quyền lợi tham quan.',NULL,'103.706442','1.318707','','2017-01-14 07:46:36','2017-02-05 13:12:55'),(6,'Vé tham quan những khu vườn bên vịnh Gardens by the Bay',1,325000,230000,'Trải rộng 101 hecta, điểm du lịch xanh từng giành giải thưởng “Nhà kính lớn nhất thế giới” này là nơi chứa hơn 250 nghìn loài cây quý hiểm và chỉ cách trung tâm thành phố 5 phút đi bộ. Toàn bộ công viên gồm 3 khu vườn: Bay South, Bay East, Bay Central và 2 khu nhà kính độc đáo: The Flower Dome & Cloud Forest.','<p>Đến Singapore, ngo&agrave;i những địa danh quen thuộc như c&ocirc;ng vi&ecirc;n Sư tử biển Merlion, nh&agrave; h&aacute;t Esplanade, hay Marina Bay Sands, bạn đừng qu&ecirc;n gh&eacute; thăm Gardens by the Bay, nơi mang lại những khung cảnh tuyệt đẹp c&ugrave;ng mu&ocirc;n v&agrave;n lo&agrave;i hoa khoe sắc.<br />\n<br />\nGardens by the Bay (Những khu vườn b&ecirc;n vịnh) trải d&agrave;i b&ecirc;n bờ vịnh Marina với ba khu vườn mang t&ecirc;n: Bay South, Bay East v&agrave; Bay Central. Đi tham quan v&ograve;ng ngo&agrave;i kh&ocirc;ng mất ph&iacute;, nhưng v&agrave;o trong hai khu vườn nh&agrave; k&iacute;nh m&aacute;i v&ograve;m th&igrave; phải trả ph&iacute; 28 SGD (450.000 đồng).<br />\n<br />\nKhu vườn ph&iacute;a nam Bay South l&agrave; nơi c&oacute; 18 &quot;si&ecirc;u c&acirc;y&quot; (Supertree) với chiều cao 25 - 30m, c&oacute; chức năng thu năng lượng mặt trời v&agrave; ph&aacute;t s&aacute;ng v&agrave;o ban đ&ecirc;m. Th&acirc;n c&acirc;y được l&agrave;m bằng b&ecirc; t&ocirc;ng, c&ograve;n c&agrave;nh được l&agrave;m từ h&agrave;ng ngh&igrave;n khung th&eacute;p, bao bọc bởi c&aacute;c lo&agrave;i dương xỉ.<br />\n<br />\n<strong>Garden by the bay</strong><br />\n<br />\nKhi trời tối những &quot;si&ecirc;u c&acirc;y&quot; sẽ ph&aacute;t s&aacute;ng nhờ &aacute;nh đ&egrave;n nghệ thuật c&oacute; thể đổi sắc theo từng ph&uacute;t c&ugrave;ng với tiếng nhạc du dương ph&aacute;t ra. Để trải nghiệm cảm gi&aacute;c th&uacute; vị khi đi bộ v&ograve;ng quanh c&aacute;c &quot;si&ecirc;u c&acirc;y&quot; từ tr&ecirc;n cao, bạn c&oacute; thể sử dụng thang m&aacute;y b&ecirc;n trong th&acirc;n c&acirc;y v&agrave; đi tr&ecirc;n cầu Skywalk cao 22m so với mặt đất.<br />\n<br />\nKhu vườn kh&ocirc;ng m&aacute;i v&ograve;m b&ecirc;n ngo&agrave;i được thiết kế theo phong c&aacute;ch Nhật Bản với c&aacute;c loại c&acirc;y cảnh bonsai c&ugrave;ng những phiến đ&aacute; c&oacute; d&aacute;ng h&igrave;nh động vật.<br />\n<br />\nDu kh&aacute;ch phải mất h&agrave;ng giờ dạo quanh, chụp h&igrave;nh lưu niệm v&agrave; chi&ecirc;m ngưỡng vẻ đẹp những loại hoa miền &ocirc;n đới &nbsp;trồng trong hai khu nh&agrave; k&iacute;nh m&aacute;i v&ograve;m (Flower Dome v&agrave; Cloud Forest). V&agrave;o m&ugrave;a xu&acirc;n, bạn sẽ thấy những thỏi v&agrave;ng to rực rỡ, những tr&agrave;ng ph&aacute;o, c&aacute;c bức phướn đỏ chữ v&agrave;ng trang tr&iacute; khắp nơi với &yacute; nghĩa t&agrave;i lộc, đại c&aacute;t đại lợi.<br />\n<br />\nKhu nh&agrave; k&iacute;nh trồng hoa Flower Dome c&oacute; nhiệt độ m&aacute;t mẻ đặc trưng của v&ugrave;ng Địa Trung Hải, ph&iacute;a t&acirc;y Nam Phi v&agrave; miền bắc Australia. Do đ&oacute; đ&acirc;y l&agrave; nơi trồng h&agrave;ng ngh&igrave;n loại hoa đẹp của xứ &ocirc;n đới, ngo&agrave;i ra c&ograve;n c&oacute; c&aacute;c loại c&acirc;y &ocirc; liu cổ thụ của Thổ Nhĩ Kỳ, c&acirc;y bao b&aacute;p của ch&acirc;u Phi v&agrave; nhiều lo&agrave;i c&acirc;y cỏ Australia.<br />\n<br />\nChỉ cần bước qua c&aacute;nh cửa k&iacute;nh mở tự động v&agrave;o khu Cloud Forest, bạn sẽ ấn tượng v&igrave; th&aacute;c nước cao 35m đổ xuống &agrave;o ạt, b&ecirc;n tr&ecirc;n điểm xuyết bởi những nh&agrave;nh lan trắng v&agrave; t&iacute;m với nền c&acirc;y l&aacute; xanh thẫm. Khu rừng &nbsp;ẩm ướt, t&aacute;i hiện thi&ecirc;n nhi&ecirc;n miền n&uacute;i với độ cao từ 1.000 đến 3.000m so với mực nước biển, tương tự Kinabalu của Malaysia.<br />\n<br />\nKhu nh&agrave; k&iacute;nh Cloud Forest c&oacute; một ngọn n&uacute;i m&acirc;y. Bạn c&oacute; thể d&ugrave;ng thang m&aacute;y để l&ecirc;n tham quan c&aacute;c tầng n&uacute;i m&acirc;y như +5 Degree/ Secret Garden, The Falls, Crystal Mountain, Waterfall View, Cavern v&agrave; Lost World. B&ecirc;n cạnh đ&oacute;, bạn c&ograve;n c&oacute; thể tản bộ v&ograve;ng quanh Cloud Walk - con đường ốp k&iacute;nh lơ lửng tr&ecirc;n n&uacute;i m&acirc;y.&nbsp;<br />\n<br />\n<strong>Gardens by the bay</strong><br />\n<br />\nTầng cao nhất mang t&ecirc;n Lost World trồng c&aacute;c loại c&acirc;y dương xỉ, phong lan, hoa dứa Nam Mỹ, hoa hồng m&ocirc;n, đặc biệt c&oacute; một số loại c&acirc;y ăn thịt c&ocirc;n tr&ugrave;ng...<br />\n<br />\nKết th&uacute;c buổi tham quan tại Gardens by the Bay, những g&igrave; đọng lại trong bạn sẽ l&agrave; cảm gi&aacute;c tiếc nuối. V&igrave; sao ư? V&igrave; mọi thứ bạn vừa trải qua cứ như một giấc mơ thần ti&ecirc;n, giấc mơ ấy chứa đựng những c&acirc;y nấm khổng lồ với m&aacute;i v&ograve;m k&iacute;nh trong suốt, giấc mơ ấy thật &ecirc;m đềm với hương hoa cỏ thơm m&aacute;t dịu d&agrave;ng, v&agrave; giấc mơ ấy ngập tr&agrave;n những &aacute;nh s&aacute;ng lung linh kỳ ảo. H&atilde;y đến với Gardens by The Bay v&agrave; trải nghiệm giấc mộng &ldquo;vườn ti&ecirc;n&rdquo; của ri&ecirc;ng bạn!</p>\n\n<h2>Địa điểm sử dụng</h2>\n\n<p><strong>Địa điểm sử dụng v&agrave; thời gian hoạt động</strong></p>\n\n<ul>\n	<li>Gardens by the Bay - 18 Marina Gardens Drive, Singapore 018953.</li>\n	<li>09:00 đến 21:00 tất cả c&aacute;c ng&agrave;y trong tuần.&nbsp;Lượt v&agrave;o cuối: 20:30.</li>\n	<li>Show diễn &acirc;m thanh v&agrave; &aacute;nh s&aacute;ng: từ 19:45 - 20:45.</li>\n	<li>Thời lượng tham quan 2 - 4 giờ (Ước lượng).</li>\n</ul>\n\n<p><strong>Hướng dẫn đi lại</strong></p>\n\n<ul>\n	<li><strong>Đi bộ:&nbsp;</strong>bạn c&oacute; thể sử dụng một trong 2 c&aacute;ch di chuyển&nbsp;sau:\n\n	<ul>\n		<li>Đi từ Cầu Helix b&ecirc;n ph&iacute;a Bảo t&agrave;ng Nghệ thuật Khoa học (Art Science Museum): đi theo lối đi bộ b&ecirc;n dưới ECP (East Coast Park) sẽ đến Bay South Garden dọc theo bờ s&ocirc;ng.</li>\n		<li>Từ Marina Bay Sands: đi bộ qua cầu vượt Lions Bridge tại Marina Bay Sands Hotel (mở cửa h&agrave;ng ng&agrave;y từ 8:00- 23:00), hoặc sử dụng đường ngầm qua ga Bayfront (ra cổng B).</li>\n	</ul>\n	</li>\n	<li><strong>MRT:&nbsp;</strong>bạn c&oacute; thể sử dụng một trong 2 tuyến sau\n	<ul>\n		<li>Tuyến Circle hoặc Downtown: xuống t&agrave;u tại trạm Bayfront MRT Station (CE1/DT16). Sau đ&oacute; ra cổng B v&agrave; đi theo đường ngầm. Sau khi ra ngo&agrave;i, băng qua cầu Dragon Fly hoặc cầu Meadow để v&agrave;o Gardens by the Bay.</li>\n		<li>Tuyến East-West: xuống t&agrave;u tại trạm MRT Tanjong Pagar (EW15). H&atilde;y ra cổng C v&agrave; tiến về trạm dừng xe bu&yacute;t số 03.223 đặt tại International Plaza, Anson Road. L&ecirc;n xe bu&yacute;t số 400 v&agrave; xuống xe tại trạm số 03.371 dọc theo Marina Gardens Drive.</li>\n	</ul>\n	</li>\n</ul>\n\n<h2>Hướng dẫn sử dụng</h2>\n\n<ul>\n	<li>Qu&eacute;t m&atilde; vạch tr&ecirc;n voucher tại cổng v&agrave;o&nbsp;khu nh&agrave; k&iacute;nh. C&oacute; thể qu&eacute;t tr&ecirc;n điện thoại.</li>\n	<li>Đưa hộ chiếu c&oacute; ảnh để đối chiếu. T&ecirc;n h&agrave;nh kh&aacute;ch trong voucher phải tr&ugrave;ng với t&ecirc;n trong hộ chiếu. Nếu voucher gồm nhiều h&agrave;nh kh&aacute;ch, chỉ cần hộ chiếu của người mua tour (thể hiện tr&ecirc;n voucher)</li>\n	<li>Đối với v&eacute; trẻ em, vui l&ograve;ng mang theo giấy tờ chứng minh độ tuổi của b&eacute;.</li>\n	<li>Giờ v&agrave;o cổng từ 9:00 s&aacute;ng đến 9:00 tối.</li>\n	<li>Voucher kh&ocirc;ng được chuyển nhượng.</li>\n</ul>\n\n<h2>Th&ocirc;ng tin hữu &iacute;ch</h2>\n\n<ul>\n	<li>\n	<p>Cloud Forest v&agrave; Flower Dome sẽ lần lượt đ&oacute;ng cửa v&agrave;o c&aacute;c ng&agrave;y như b&ecirc;n dưới trong th&aacute;ng 12/ 2016 v&agrave; 2017&nbsp;để bảo dưỡng định kỳ:</p>\n\n	<ul>\n		<li><strong>Cloud Forest:&nbsp;</strong>12/12/2016 v&agrave; năm 2017:&nbsp;16/01; 27/02;&nbsp;27/03; 17/04; 15/05;&nbsp;12/06; 10/07; 28/08; 25/09; 16/10; 06/11; 11/12</li>\n		<li><strong>Flower Dome:</strong>&nbsp;13/12/2016 v&agrave; năm 2017: 17/01; 28/02;&nbsp;28/03; 18/04; 16/05;&nbsp;13/06; 11/07; 29/08; 26/09; 17/10; 07/11; 12/12</li>\n	</ul>\n	</li>\n	<li>Gi&aacute; v&eacute; trẻ em &aacute;p dụng cho trẻ từ 3 đến 12 tuổi.</li>\n</ul>\n','Vé tham quan 1 lượt Gardens by the bay bao gồm Cloud Forest & Flower Dome','- Vé tham quan đài quan sát OCBC (8SGD)\n- Đồ ăn, nước uống\n- Chi phí đi lại\n- Vé tham quan siêu cây OCBC (8SGD)\n- Vé vào Singapore Garden Festival',NULL,NULL,'103.863613','1.281568','','2017-01-15 10:27:21','2017-02-05 13:13:13'),(7,'',1,0,0,NULL,'','',NULL,NULL,NULL,NULL,NULL,'','2017-01-15 10:33:35','2017-01-15 10:33:35'),(8,'Vé nhạc nước Đôi cánh thời gian - WINGS OF TIME SHOW - đảo Sentosa show 2 - 20:40pm',1,195000,195000,'Đến Sentosa, ngoài việc đắm mình vào khung cảnh thiên nhiên, bãi biển xinh đẹp trải dài thì du khách không thể nào bỏ qua được màn trình diễn ngoài trời mê hoặc lòng người trong bối cảnh của vùng biển rộng lớn ở Sentosa về đêm. Đó chính là show diễn nổi tiếng mang tên đôi cánh thời gian Wings of Time.','<p><span dir=\"rtl\"><big><strong>Bạn sẽ được trải nghiệm những g&igrave; khi tham quan Wing Of Time</strong></big></span></p>\n\n<p><span dir=\"rtl\"><big><em><a href=\"http://vietsingtravel.com/tour-dich-vu-c3/Nhac-Nuoc-Wing-Of-Time-116.html\" target=\"_blank\">Wings of Time - buổi biểu diễn rực rỡ tr&ecirc;n bờ biển Siloso</a></em>&nbsp;l&agrave; một bữa tiệc tuyệt vời giữa ba yếu tố &acirc;m nhạc, m&agrave;n nước v&agrave; &aacute;nh s&aacute;ng. Cả một g&oacute;c h&ograve;n đảo Sentosa dường như trở n&ecirc;n nhộn nhịp hơn hẳn, nhiều kh&aacute;n giả đ&atilde; tranh thủ đến trước để chọn được những chỗ ngồi tốt nhất. Bạn cũng nhanh ch&oacute;ng lựa cho m&igrave;nh một chiếc ghế với g&oacute;c nh&igrave;n thật thoải m&aacute;i v&agrave; c&ugrave;ng hướng tầm mắt ra ph&iacute;a biển khơi, nơi buổi diễn sắp sửa mở m&agrave;n.</big></span></p>\n\n<p>&nbsp;</p>\n\n<p><span dir=\"rtl\"><big>Khi &aacute;nh đ&egrave;n xung quanh vụt tắt cũng l&agrave; l&uacute;c vở diễn bắt đầu. Một s&acirc;n khấu nổi bật tr&ecirc;n mặt nước với những tia laser chiếu xuy&ecirc;n m&agrave;n đ&ecirc;m l&agrave;m cho kh&ocirc;ng gian bất chợt rực s&aacute;ng v&agrave; ngập tr&agrave;n m&agrave;u sắc. C&aacute;c nh&acirc;n vật ch&iacute;nh lần lượt xuất hiện tr&ecirc;n 9 tấm m&agrave;n h&igrave;nh tam gi&aacute;c, n&agrave;y l&agrave; Rachel - c&ocirc; b&eacute; t&ograve; m&ograve; v&agrave; ưa mạo hiểm, c&ugrave;ng cậu bạn Felix chu đ&aacute;o nhưng hơi &ldquo;nh&aacute;t gan&rdquo;, kia lại l&agrave; Shahbaz - &ldquo;qu&yacute; ng&agrave;i&rdquo; l&ocirc;ng vũ ng&agrave;n năm tiền sử.</big></span></p>\n\n<p><span dir=\"rtl\"><big>Những g&igrave; đang hiện l&ecirc;n trước mắt bạn đẹp một c&aacute;ch kinh ngạc. &Aacute;nh s&aacute;ng như một c&acirc;y cọ thần kỳ, li&ecirc;n tục vẽ n&ecirc;n những khung cảnh huyền b&iacute; trong cuộc phi&ecirc;u lưu đầy th&uacute; vị của nh&oacute;m bạn 3 người. Những giai điệu trầm bổng l&uacute;c &ecirc;m đềm dịu d&agrave;ng, khi lại dồn dập mạnh mẽ l&agrave;m cho bạn kh&ocirc;ng thể ngừng ch&uacute; &yacute;.</big></span></p>\n\n<p><span dir=\"rtl\"><big>V&agrave; đến đoạn cao tr&agrave;o l&agrave; l&uacute;c m&agrave; mọi thứ trở n&ecirc;n tuyệt vời hơn bao giờ hết. Khi tất cả yếu tố tr&ecirc;n s&acirc;n khấu như h&ograve;a quyện l&agrave;m một. &Aacute;nh đ&egrave;n huyền ảo nhiều m&agrave;u chợt bừng &ldquo;ch&aacute;y&rdquo; dữ dội tr&ecirc;n bức m&agrave;n đen quyến rũ của bầu trời đ&ecirc;m, những &ldquo;vũ c&ocirc;ng&rdquo; nước như đang thăng hoa trong từng bước nhảy tr&ecirc;n nền nhạc h&ograve;a tấu m&atilde;nh liệt, oai h&ugrave;ng. Sự kết hợp t&agrave;i t&igrave;nh đầy tinh tế mang đến cho bạn một bức tranh tuyệt mĩ kh&oacute; diễn tả hết bằng lời.</big></span></p>\n\n<p><span dir=\"rtl\"><big>Liệu rằng đến cuối h&agrave;nh tr&igrave;nh, ch&uacute; chim Shahbaz c&oacute; t&igrave;m về được ng&ocirc;i nh&agrave; của m&igrave;nh? Rachel v&agrave; Felix c&oacute; hiểu được t&igrave;nh bạn thật sự l&agrave; g&igrave;?&nbsp;<a href=\"http://vietsingtravel.com/tour-dich-vu-c3/Nhac-Nuoc-Wing-Of-Time-116.html\" target=\"_blank\"><em>Wings of Time</em></a>&nbsp;đ&atilde; kh&eacute;o l&eacute;o dẫn dắt người xem đi từ tr&agrave;i nghiệm n&agrave;y đến trải nghiệm kh&aacute;c. Để rồi khi vở diễn kết th&uacute;c, những điều đọng lại trong l&ograve;ng người xem thật đ&aacute;ng suy ngẫm.</big></span></p>\n\n<p><span dir=\"rtl\"><big>V&agrave; hơn nữa c&oacute; một điều bất ngờ đang chờ đợi ở những gi&acirc;y ph&uacute;t cuối c&ugrave;ng, h&atilde;y c&ugrave;ng đến s&acirc;n khấu nhạc nước nơi bờ biển Siloso v&agrave; tự m&igrave;nh kh&aacute;m ph&aacute; c&ugrave;ng <em>Balo Travel&nbsp;</em>bạn nh&eacute;!</big></span></p>\n\n<h2>Địa điểm sử dụng</h2>\n\n<p><strong>Địa điểm sử dụng v&agrave;&nbsp;thời gian</strong></p>\n\n<ul>\n	<li>Địa điểm sử dụng: Siloso Beach, Sentosa Island, Singapore.</li>\n	<li>Thời gian: 19:40 v&agrave; 20:40 mỗi ng&agrave;y.</li>\n	<li>Thời lượng: 30 ph&uacute;t</li>\n</ul>\n\n<p><strong>Hướng dẫn đi lại</strong></p>\n\n<ul>\n	<li><strong>Sentosa Boardwalk:&nbsp;</strong>đi t&agrave;u điện MRT, xuống tại trạm HarbourFront MRT v&agrave; theo biển chỉ dẫn hướng đến đường trượt Sentosa Boardwalk (tiền v&eacute; 1 SGD/người). L&ecirc;n t&agrave;u điện Sentosa Express tại trạm Waterfront Station, xuống tại trạm Beach&nbsp;Station, sau đ&oacute; đi bộ đến b&atilde;i biển Siloso c&aacute;ch đ&oacute; 5 ph&uacute;t đi bộ.</li>\n	<li><strong>Sentosa&nbsp;Express:&nbsp;</strong>đi t&agrave;u điện MRT, xuống tại trạm HarbourFront MRT. Bắt t&agrave;u điện Sentosa Express từ trạm Sentosa Station tr&ecirc;n tầng 3 Vivo City. Xuống tại trạm Beach&nbsp;Station, sau đ&oacute; đi bộ đến b&atilde;i biển Siloso c&aacute;ch đ&oacute; 5 ph&uacute;t đi bộ. (ph&iacute; 4 SGD/người).</li>\n	<li><strong>Taxi:&nbsp;</strong>đi đến trạm taxi&nbsp;Beach Station,&nbsp;sau đ&oacute; đi bộ đến b&atilde;i biển Siloso c&aacute;ch đ&oacute; 5 ph&uacute;t đi bộ. (trả ph&iacute; taxi l&ecirc;n đảo Sentosa: 2SGD-7 SGD tuỳ thời gian)&nbsp;</li>\n	<li><strong>C&aacute;p treo:&nbsp;</strong>bắt c&aacute;p treo tại Imbiah Station đến Beach Station, đi bộ đến b&atilde;i biển Siloso&nbsp;(29 SGD/người lớn, 18 SGD/trẻ em, trẻ em từ 3-12 tuổi)</li>\n</ul>\n\n<h2>Hướng dẫn sử dụng</h2>\n\n<ul>\n	<li>Đổi Voucher trước giờ biểu diễn trễ nhất l&agrave; 1 tiếng.</li>\n	<li>C&oacute; thể xuất tr&igrave;nh voucher tr&ecirc;n điện thoại để đổi v&eacute;.</li>\n	<li>Đổi Voucher tại 1 trong c&aacute;c quầy v&eacute; sau:\n	<ul>\n		<li>Sentosa Station (VivoCity, Lầu 3, Sảnh L) (08:30 - 21:00)</li>\n		<li>Quầy v&eacute; (10:00 - 19:00) hoặc Kiot v&eacute; tự động Imbiah Lookout</li>\n		<li>Quầy v&eacute; (10:00 - 21:00) hoặc Kiot v&eacute; tự động Beach Station</li>\n		<li>Quầy v&eacute; Waterfront Station (09:00 - 20:00)</li>\n		<li>Quầy v&eacute; Merlion Plaza (09:00 - 18:00)</li>\n	</ul>\n	</li>\n	<li>Đưa hộ chiếu c&oacute; ảnh để đối chiếu. T&ecirc;n h&agrave;nh kh&aacute;ch trong voucher phải tr&ugrave;ng với t&ecirc;n trong hộ chiếu. Nếu voucher gồm nhiều h&agrave;nh kh&aacute;ch, chỉ cần hộ chiếu của người mua tour (thể hiện tr&ecirc;n voucher).</li>\n	<li>Đối với v&eacute; trẻ em, vui l&ograve;ng mang theo giấy tờ chứng minh độ tuổi của b&eacute;.</li>\n	<li>Voucher chỉ c&oacute; gi&aacute; trị v&agrave;o ng&agrave;y đ&atilde; đăng k&yacute;. Voucher qu&aacute; hạn sẽ kh&ocirc;ng được ho&agrave;n tiền.</li>\n	<li>Voucher kh&ocirc;ng được chuyển nhượng.</li>\n	<li>Chỉ c&oacute; thể đổi voucher một lần (nếu bạn đăng k&yacute; cho 3 người, bạn sẽ đổi voucher lấy 3 v&eacute; một lần, kh&ocirc;ng được đổi nhiều lần với 1 voucher)</li>\n</ul>\n\n<h2>Th&ocirc;ng tin hữu &iacute;ch</h2>\n\n<ul>\n	<li>Vui l&ograve;ng đặt chỗ trước sớm để đảm bảo c&ograve;n chỗ trong ng&agrave;y mong muốn.</li>\n	<li>N&ecirc;n c&oacute; mặt tại địa điểm &iacute;t nhất 15 ph&uacute;t trước giờ diễn.</li>\n</ul>\n','Vé xem buổi diễn Wings of Time','- Đưa đón tại khách sạn.\n- Các chi phí cá nhân khác (các hoạt động giải trí, ăn uống không được đề cập trong chi tiết vé).',NULL,NULL,'103.817089','1.251321','','2017-01-15 10:53:15','2017-02-05 13:13:40'),(9,'Vé nhạc nước Đôi cánh thời gian - WINGS OF TIME - Đảo Sentosa show 1 (19:40)',1,225000,225000,'Đến Sentosa, ngoài việc đắm mình vào khung cảnh thiên nhiên, bãi biển xinh đẹp trải dài thì du khách không thể nào bỏ qua được màn trình diễn ngoài trời mê hoặc lòng người trong bối cảnh của vùng biển rộng lớn ở Sentosa về đêm. Đó chính là show diễn nổi tiếng mang tên đôi cánh thời gian Wings of Time.','<h2>Điểm nổi bật</h2>\n\n<ul>\n	<li>M&atilde;n nh&atilde;n với m&agrave;n kết hợp nhạc nước c&ugrave;ng &aacute;nh s&aacute;ng ho&agrave;nh tr&aacute;ng.</li>\n	<li>Đắm ch&igrave;m trong cốt truyện thần thoại kịch t&iacute;nh nhưng đầy nh&acirc;n văn.</li>\n	<li>Thưởng thức những giai điệu kinh điển th&ocirc;ng qua vở diễn</li>\n</ul>\n\n<ol>\n	<li>&nbsp;</li>\n	<li>&nbsp;</li>\n	<li>&nbsp;</li>\n	<li>&nbsp;</li>\n	<li>&nbsp;</li>\n	<li>&nbsp;</li>\n	<li>&nbsp;</li>\n	<li>&nbsp;</li>\n	<li>&nbsp;</li>\n	<li>&nbsp;</li>\n	<li>&nbsp;</li>\n	<li>&nbsp;</li>\n	<li>&nbsp;</li>\n	<li>&nbsp;</li>\n	<li>&nbsp;</li>\n</ol>\n\n<p><img alt=\"Details\" src=\"http://divui.com/content/images/thumbs/0000332_show-nhac-nuoc-wings-of-time-siloso.jpeg\" /></p>\n\n<p><a href=\"http://divui.com/Show-nhac-nuoc-Wings-of-time-Siloso#carousel-example-generic\">Previous</a><a href=\"http://divui.com/Show-nhac-nuoc-Wings-of-time-Siloso#carousel-example-generic\">Next</a></p>\n\n<h2>Bạn được trải nghiệm những g&igrave;?</h2>\n\n<p>Wings of the Time - buổi biểu diễn rực rỡ tr&ecirc;n bờ biển Siloso l&agrave; một bữa tiệc tuyệt vời giữa ba yếu tố &acirc;m nhạc, m&agrave;n nước v&agrave; &aacute;nh s&aacute;ng. Cả một g&oacute;c h&ograve;n đảo Sentosa dường như trở n&ecirc;n nhộn nhịp hơn hẳn, nhiều kh&aacute;n giả đ&atilde; tranh thủ đến trước để chọn được những chỗ ngồi tốt nhất. Bạn cũng nhanh ch&oacute;ng lựa cho m&igrave;nh một chiếc ghế với g&oacute;c nh&igrave;n thật thoải m&aacute;i v&agrave; c&ugrave;ng hướng tầm mắt ra ph&iacute;a biển khơi, nơi buổi diễn sắp sửa mở m&agrave;n.</p>\n\n<p>Khi &aacute;nh đ&egrave;n xung quanh vụt tắt cũng l&agrave; l&uacute;c vở diễn bắt đầu. Một s&acirc;n khấu nổi bật tr&ecirc;n mặt nước với những tia laser chiếu xuy&ecirc;n m&agrave;n đ&ecirc;m l&agrave;m cho kh&ocirc;ng gian bất chợt rực s&aacute;ng v&agrave; ngập tr&agrave;n m&agrave;u sắc. C&aacute;c nh&acirc;n vật ch&iacute;nh lần lượt xuất hiện tr&ecirc;n 9 tấm m&agrave;n h&igrave;nh tam gi&aacute;c, n&agrave;y l&agrave; Rachel - c&ocirc; b&eacute; t&ograve; m&ograve; v&agrave; ưa mạo hiểm, c&ugrave;ng cậu bạn Felix chu đ&aacute;o nhưng hơi &ldquo;nh&aacute;t gan&rdquo;, kia lại l&agrave; Shahbaz - &ldquo;qu&yacute; ng&agrave;i&rdquo; l&ocirc;ng vũ ng&agrave;n năm tiền sử. Những g&igrave; đang hiện l&ecirc;n trước mắt bạn đẹp một c&aacute;ch kinh ngạc. &Aacute;nh s&aacute;ng như một c&acirc;y cọ thần kỳ, li&ecirc;n tục vẽ n&ecirc;n những khung cảnh huyền b&iacute; trong cuộc phi&ecirc;u lưu đầy th&uacute; vị của nh&oacute;m bạn 3 người. Những giai điệu trầm bổng l&uacute;c &ecirc;m đềm dịu d&agrave;ng, khi lại dồn dập mạnh mẽ l&agrave;m cho bạn kh&ocirc;ng thể ngừng ch&uacute; &yacute;.</p>\n\n<p>V&agrave; đến đoạn cao tr&agrave;o l&agrave; l&uacute;c m&agrave; mọi thứ trở n&ecirc;n tuyệt vời hơn bao giờ hết. Khi tất cả yếu tố tr&ecirc;n s&acirc;n khấu như h&ograve;a quyện l&agrave;m một. &Aacute;nh đ&egrave;n huyền ảo nhiều m&agrave;u chợt bừng &ldquo;ch&aacute;y&rdquo; dữ dội tr&ecirc;n bức m&agrave;n đen quyến rũ của bầu trời đ&ecirc;m, những &ldquo;vũ c&ocirc;ng&rdquo; nước như đang thăng hoa trong từng bước nhảy tr&ecirc;n nền nhạc h&ograve;a tấu m&atilde;nh liệt, oai h&ugrave;ng.&nbsp;Tất cả tạo n&ecirc;n một kh&ocirc;ng gian nghệ thuật tuyệt vời, một bức tranh ho&agrave;n mỹ để bạn thưởng thức v&agrave; cũng l&agrave; một dấu ấn kh&oacute; phai tr&ecirc;n h&agrave;nh tr&igrave;nh kh&aacute;m ph&aacute; đảo quốc sư tử Singapore.&nbsp;</p>\n\n<h2>Điều kiện v&eacute;</h2>\n\n<p><strong>Bao gồm</strong></p>\n\n<ul>\n	<li>V&eacute; xem buổi diễn Wings of Time.</li>\n</ul>\n\n<p><strong>Kh&ocirc;ng bao gồm</strong></p>\n\n<ul>\n	<li>Đưa đ&oacute;n tại kh&aacute;ch sạn.</li>\n	<li>C&aacute;c chi ph&iacute; c&aacute; nh&acirc;n kh&aacute;c (c&aacute;c hoạt động giải tr&iacute;, ăn uống kh&ocirc;ng được đề cập trong chi tiết v&eacute;).</li>\n</ul>\n\n<p><strong>Ch&iacute;nh s&aacute;ch hủy</strong></p>\n\n<ul>\n	<li>V&eacute; đ&atilde; mua kh&ocirc;ng được hủy hoặc đổi trả.</li>\n</ul>\n\n<h2>Địa điểm sử dụng</h2>\n\n<p><strong>Địa điểm sử dụng v&agrave;&nbsp;thời gian</strong></p>\n\n<ul>\n	<li>Địa điểm sử dụng: Siloso Beach, Sentosa Island, Singapore.</li>\n	<li>Thời gian: 19:40 v&agrave; 20:40 mỗi ng&agrave;y.</li>\n	<li>Thời lượng: 30 ph&uacute;t</li>\n</ul>\n\n<p><strong>Hướng dẫn đi lại</strong></p>\n\n<ul>\n	<li><strong>Sentosa Boardwalk:&nbsp;</strong>đi t&agrave;u điện MRT, xuống tại trạm HarbourFront MRT v&agrave; theo biển chỉ dẫn hướng đến đường trượt Sentosa Boardwalk (tiền v&eacute; 1 SGD/người). L&ecirc;n t&agrave;u điện Sentosa Express tại trạm Waterfront Station, xuống tại trạm Beach&nbsp;Station, sau đ&oacute; đi bộ đến b&atilde;i biển Siloso c&aacute;ch đ&oacute; 5 ph&uacute;t đi bộ.</li>\n	<li><strong>Sentosa&nbsp;Express:&nbsp;</strong>đi t&agrave;u điện MRT, xuống tại trạm HarbourFront MRT. Bắt t&agrave;u điện Sentosa Express từ trạm Sentosa Station tr&ecirc;n tầng 3 Vivo City. Xuống tại trạm Beach&nbsp;Station, sau đ&oacute; đi bộ đến b&atilde;i biển Siloso c&aacute;ch đ&oacute; 5 ph&uacute;t đi bộ. (ph&iacute; 4 SGD/người).</li>\n	<li><strong>Taxi:&nbsp;</strong>đi đến trạm taxi&nbsp;Beach Station,&nbsp;sau đ&oacute; đi bộ đến b&atilde;i biển Siloso c&aacute;ch đ&oacute; 5 ph&uacute;t đi bộ. (trả ph&iacute; taxi l&ecirc;n đảo Sentosa: 2SGD-7 SGD tuỳ thời gian)&nbsp;</li>\n	<li><strong>C&aacute;p treo:&nbsp;</strong>bắt c&aacute;p treo tại Imbiah Station đến Beach Station, đi bộ đến b&atilde;i biển Siloso&nbsp;(29 SGD/người lớn, 18 SGD/trẻ em, trẻ em từ 3-12 tuổi)</li>\n</ul>\n\n<h2>Hướng dẫn sử dụng</h2>\n\n<ul>\n	<li>Đổi Voucher trước giờ biểu diễn trễ nhất l&agrave; 1 tiếng.</li>\n	<li>C&oacute; thể xuất tr&igrave;nh voucher tr&ecirc;n điện thoại để đổi v&eacute;.</li>\n	<li>Đổi Voucher tại 1 trong c&aacute;c quầy v&eacute; sau:\n	<ul>\n		<li>Sentosa Station (VivoCity, Lầu 3, Sảnh L) (08:30 - 21:00)</li>\n		<li>Quầy v&eacute; (10:00 - 19:00) hoặc Kiot v&eacute; tự động Imbiah Lookout</li>\n		<li>Quầy v&eacute; (10:00 - 21:00) hoặc Kiot v&eacute; tự động Beach Station</li>\n		<li>Quầy v&eacute; Waterfront Station (09:00 - 20:00)</li>\n		<li>Quầy v&eacute; Merlion Plaza (09:00 - 18:00)</li>\n	</ul>\n	</li>\n	<li>Đưa hộ chiếu c&oacute; ảnh để đối chiếu. T&ecirc;n h&agrave;nh kh&aacute;ch trong voucher phải tr&ugrave;ng với t&ecirc;n trong hộ chiếu. Nếu voucher gồm nhiều h&agrave;nh kh&aacute;ch, chỉ cần hộ chiếu của người mua tour (thể hiện tr&ecirc;n voucher).</li>\n	<li>Đối với v&eacute; trẻ em, vui l&ograve;ng mang theo giấy tờ chứng minh độ tuổi của b&eacute;.</li>\n	<li>Voucher chỉ c&oacute; gi&aacute; trị v&agrave;o ng&agrave;y đ&atilde; đăng k&yacute;. Voucher qu&aacute; hạn sẽ kh&ocirc;ng được ho&agrave;n tiền.</li>\n	<li>Voucher kh&ocirc;ng được chuyển nhượng.</li>\n	<li>Chỉ c&oacute; thể đổi voucher một lần (nếu bạn đăng k&yacute; cho 3 người, bạn sẽ đổi voucher lấy 3 v&eacute; một lần, kh&ocirc;ng được đổi nhiều lần với 1 voucher)</li>\n</ul>\n\n<h2>Th&ocirc;ng tin hữu &iacute;ch</h2>\n\n<ul>\n	<li>Vui l&ograve;ng đặt chỗ trước sớm để đảm bảo c&ograve;n chỗ trong ng&agrave;y mong muốn.</li>\n	<li>N&ecirc;n c&oacute; mặt tại địa điểm &iacute;t nhất 15 ph&uacute;t trước giờ diễn.</li>\n</ul>\n','Vé xem buổi diễn Wings of Time','- Đưa đón tại khách sạn.\n- Các chi phí cá nhân khác (các hoạt động giải trí, ăn uống không được đề cập trong chi tiết vé).',NULL,NULL,'103.817089','1.251321','','2017-01-15 10:55:25','2017-02-05 13:13:58'),(10,'Vé tham quan sở thú Singapore - SINGAPORE ZOO',1,450000,305000,'Được xem là một trong số những vườn thú đẹp nhất thế giới, Singapore Zoo là địa điểm lý tưởng để bạn và gia đình tận hưởng những giây phút thoải mái, thư giãn cùng nhau. Với diện tích rộng lớn lên tới 26 hecta, gồm hơn 2.300 cá thể thuộc 300 loài khác nhau , vườn thú Singapore đã 9 lần nhận được danh hiệu “Trải nghiệm thu hút du khách nhất” do Hiệp hội du lịch Singapore trao tặng.','<h2>Điểm nổi bật</h2>\n\n<ul>\n	<li>V&eacute; Singapore Zoo - tham quan một trong những vườn th&uacute; đẹp nhất thế giới với hơn 2.300 c&aacute; thể thuộc 300 lo&agrave;i động vật kh&aacute;c nhau.</li>\n	<li>Thoải m&aacute;i tận hưởng trọn vẹn vẻ đẹp thi&ecirc;n nhi&ecirc;n hoang d&atilde; v&agrave; kh&ocirc;ng gian xanh tho&aacute;ng m&aacute;t.</li>\n	<li>Thưởng thức nhiều show diễn th&uacute; vị do ch&iacute;nh c&aacute;c cư d&acirc;n vườn th&uacute; thực hiện, trải nghiệm khoảng thời gian vui vẻ, h&agrave;o hứng c&ugrave;ng gia đ&igrave;nh v&agrave; b&egrave; bạn.</li>\n</ul>\n\n<ol>\n	<li>&nbsp;</li>\n	<li>&nbsp;</li>\n	<li>&nbsp;</li>\n	<li>&nbsp;</li>\n	<li>&nbsp;</li>\n	<li>&nbsp;</li>\n	<li>&nbsp;</li>\n	<li>&nbsp;</li>\n	<li>&nbsp;</li>\n</ol>\n\n<p><img alt=\"Details\" src=\"http://divui.com/content/images/thumbs/0000289_so-thu-singapore-gom-xe-dien-ve-tham-quan.jpeg\" /></p>\n\n<p><img alt=\"Details\" src=\"http://divui.com/content/images/thumbs/0000290_so-thu-singapore-gom-xe-dien-ve-tham-quan.jpeg\" /></p>\n\n<p><a href=\"http://divui.com/So-thu-Singapore-gom-xe-dien-Ve-tham-quan#carousel-example-generic\">Previous</a><a href=\"http://divui.com/So-thu-Singapore-gom-xe-dien-Ve-tham-quan#carousel-example-generic\">Next</a></p>\n\n<h2>Bạn được trải nghiệm những g&igrave;?</h2>\n\n<p>Được mệnh danh l&agrave; một trong những vườn th&uacute; đẹp nhất thế giới, Singapore Zoo với hệ thống sinh vật phong ph&uacute;, kh&ocirc;ng gian thiết kế sinh động sẽ mang đến cho bạn v&agrave; gia đ&igrave;nh những gi&acirc;y ph&uacute;t thoải m&aacute;i v&agrave;&nbsp;một chuyến tham quan thật kh&oacute; qu&ecirc;n&nbsp;tại đảo quốc sư tử.&nbsp;Với phương ch&acirc;m đem lại kh&ocirc;ng gian tự nhi&ecirc;n ch&acirc;n thực, gần gũi nhất cho du kh&aacute;ch, nh&agrave; thiết kế đ&atilde; kh&eacute;o l&eacute;o sắp đặt những kh&ocirc;ng gian mở, kho&aacute;ng đ&atilde;ng&nbsp;để bạn tận mắt chi&ecirc;m ngưỡng những động vật qu&yacute; hiếm v&agrave; th&uacute; vị nhất.</p>\n\n<p>Đến với khu rừng mưa nhiệt đới, bạn h&atilde;y dừng ch&acirc;n để kh&aacute;m ph&aacute; sự đa dạng của c&aacute;c sinh vật nơi đ&acirc;y. Đ&oacute; c&oacute; thể l&agrave; những ch&uacute; hươu cao cổ đang thong thả dạo chơi hay những ch&uacute; s&oacute;c bay đang đu người tr&ecirc;n những t&aacute;ng c&acirc;y cao v&uacute;t. Hay khu Bắc Cực nơi c&oacute; những ch&uacute;&nbsp;c&aacute;nh cụt, gấu trắng đ&aacute;ng y&ecirc;u. Sau đ&oacute;, sao bạn kh&ocirc;ng đến với thế giới nước - l&atilde;nh thổ của những c&aacute; thể r&aacute;i c&aacute;, h&agrave; m&atilde;, c&aacute; sấu khổng lồ, hoặc xa hơn l&agrave; khu rừng của những vị ch&uacute;a tể rừng gi&agrave; như sư tử, hổ trắng? Tr&ecirc;n h&agrave;nh tr&igrave;nh kh&aacute;m ph&aacute; thế giới thi&ecirc;n nhiền đầy m&agrave;u sắc ấy, ắt hẳn sẽ c&oacute; l&uacute;c bạn phải ngẩn ngơ v&igrave; vẻ đẹp m&ecirc; hồn của thế giới tự nhi&ecirc;n.</p>\n\n<p>V&agrave; sẽ&nbsp;kh&ocirc;ng thể trọn vẹn nếu bạn chưa thưởng thức show diễn đặc biệt Work and Play của những ch&uacute; voi th&ocirc;ng minh tinh nghịch, hay&nbsp;Animal Friends Show, nơi cho bạn những gi&acirc;y ph&uacute;t thoải m&aacute;i được cười đ&ugrave;a sảng kho&aacute;i b&ecirc;n những người bạn 4 ch&acirc;n đ&aacute;ng y&ecirc;u của lo&agrave;i người. C&ograve;n Rainforest Fights Back Show lại mang đến cho bạn c&aacute;i nh&igrave;n cận cảnh về bản năng sinh tồn của những lo&agrave;i vật tự nhi&ecirc;n, với hơn 20 ph&uacute;t h&ograve;a tấu của c&aacute;c diễn vi&ecirc;n thuộc hơn 10 lo&agrave;i động vật kh&aacute;c nhau. To&agrave;n bộ c&aacute;c tiết mục sẽ ph&aacute;c họa n&ecirc;n một bức tranh hấp dẫn v&agrave; đặc sắc rất ri&ecirc;ng, hứa hẹn mang đến cho bạn những gi&acirc;y ph&uacute;t thư gi&atilde;n tuyệt vời nhất.</p>\n\n<h2>Điều kiện v&eacute;</h2>\n\n<p><strong>Bao gồm</strong></p>\n\n<ul>\n	<li>V&eacute; v&agrave;o cổng vườn th&uacute; Singapore Zoo.</li>\n	<li>V&eacute; t&agrave;u điện tham quan vườn th&uacute;.</li>\n	<li>C&aacute;c show diễn trong vườn th&uacute;.</li>\n</ul>\n\n<p><strong>Kh&ocirc;ng bao gồm</strong></p>\n\n<ul>\n	<li>Đưa đ&oacute;n tại kh&aacute;ch sạn.</li>\n	<li>C&aacute;c chi ph&iacute; ăn uống v&agrave; hoạt động giải tr&iacute; kh&aacute;c (kh&ocirc;ng c&oacute; trong chi tiết v&eacute;).</li>\n</ul>\n\n<p><strong>Ch&iacute;nh s&aacute;ch hủy</strong></p>\n\n<ul>\n	<li>V&eacute; đ&atilde; mua kh&ocirc;ng được huỷ hoặc đổi trả.</li>\n</ul>\n\n<h2>Địa điểm sử dụng</h2>\n\n<p><strong>Địa điểm sử dụng v&agrave; thời gian hoạt động</strong></p>\n\n<ul>\n	<li>Singapore Zoo - 80 Mandai Lake Road, Singapore 729826</li>\n	<li>Giờ mở cửa: 08:30 đến 19:00 tất cả c&aacute;c ng&agrave;y trong tuần.</li>\n	<li>Giờ v&agrave;o cuối: 17:00.</li>\n	<li>Thời lượng: 4 - 9&nbsp;giờ&nbsp;</li>\n</ul>\n\n<p><strong>Hướng dẫn đi lại</strong></p>\n\n<ul>\n	<li><strong>MRT v&agrave; Bus:&nbsp;</strong>bạn &nbsp;c&oacute; thể di chuyển bằng MRT v&agrave; xe bus theo c&aacute;c tuyến\n\n	<ul>\n		<li>Đi MRT đến trạm Choa Chu Kang, sau đ&oacute; bắt xe bus số 927.</li>\n		<li>Đi MRT đến trạm Ang Mo Kio, sau đ&oacute; bắt xe bus số 138.</li>\n		<li>Đi MRT đến trạm Marsiling hoặc trạm Woodlands, sau đ&oacute; bắt xe bus số 926 (chỉ hoạt động v&agrave;o ng&agrave;y Chủ nhật v&agrave; c&aacute;c ng&agrave;y lễ).</li>\n	</ul>\n	</li>\n	<li><strong>Taxi:&nbsp;</strong>đi taxi thẳng đến&nbsp;80 Mandai Lake Road với chi ph&iacute;&nbsp;khoảng 30SGD/chiều từ trung t&acirc;m th&agrave;nh phố (gi&aacute; c&oacute; thể thay đổi theo thời điểm)</li>\n</ul>\n\n<h2>Hướng dẫn sử dụng</h2>\n\n<ul>\n	<li>Đối với v&eacute; người lớn, qu&eacute;t m&atilde; vạch tr&ecirc;n voucher tại cổng Singapore Zoo.&nbsp;C&oacute; thể qu&eacute;t m&atilde; vạch tr&ecirc;n điện thoại.&nbsp;</li>\n	<li>Vui l&ograve;ng mang theo giấy tờ chứng minh độ tuổi của b&eacute;.</li>\n	<li>V&eacute; c&oacute; hạn sử dụng 30 ng&agrave;y kể từ ng&agrave;y tham quan được ghi tr&ecirc;n v&eacute;.</li>\n	<li>Đưa hộ chiếu c&oacute; ảnh để đối chiếu nếu được y&ecirc;u cầu. T&ecirc;n h&agrave;nh kh&aacute;ch trong voucher phải tr&ugrave;ng với t&ecirc;n trong hộ chiếu. Nếu voucher gồm nhiều h&agrave;nh kh&aacute;ch, chỉ cần hộ chiếu của người mua tour (thể hiện tr&ecirc;n voucher).</li>\n	<li>Voucher qu&aacute; hạn sẽ kh&ocirc;ng được ho&agrave;n tiền.</li>\n	<li>Giờ mở cửa&nbsp;từ 8:30 đến 18:00</li>\n	<li>Voucher kh&ocirc;ng được chuyển nhượng.</li>\n</ul>\n\n<h2>Th&ocirc;ng tin hữu &iacute;ch</h2>\n\n<ul>\n	<li>Gi&aacute; v&eacute; trẻ em &aacute;p dụng cho trẻ từ 3 đến 12 tuổi.&nbsp;</li>\n	<li>Trẻ em lu&ocirc;n đi k&egrave;m với người lớn dể đảm bảo an to&agrave;n</li>\n	<li>Splash Safari Show: 10:30 v&agrave; 17:00 tại khu&nbsp;Shaw Foundation Amphitheatre</li>\n	<li>Animal Friends Show: 11:00 v&agrave; 16:00 tại khu&nbsp;Rainforest Kidzworld Amphitheatre</li>\n	<li>Tr&igrave;nh diễn voi (Elephants at Work &amp; Play Show): 11:30 v&agrave; 15:30 tại khu&nbsp;Elephants of Asia</li>\n	<li>Rainforest Fights Back Show: 12:30 v&agrave; 14:30 tại khu Shaw Foundation Amphitheatre</li>\n</ul>\n','- Vé vào cổng vườn thú Singapore Zoo.\n- Vé tàu điện tham quan vườn thú.\n- Các show diễn trong vườn thú.','- Đưa đón tại khách sạn.\n- Các chi phí ăn uống và hoạt động giải trí khác (không có trong chi tiết vé).',NULL,NULL,'103.793023','1.404348','','2017-01-15 11:00:54','2017-02-05 13:18:43'),(11,'Vé tham quan bảo tàng tượng sáp Singapore',1,375000,375000,'Bảo tàng sáp Madame Tussauds Singapore thuộc hệ thống Madame Tussauds trên toàn thế giới, bên cạnh London (Anh), Amsterdam (Hà Lan). Không giống như những bảo tàng sáp Madame Tussauds chỉ trưng bày tượng của những nhân vật nổi tiếng, bảo tàng sáp ở Singapore còn độc đáo với dịch vụ du thuyền (boat ride) đầu tiên trong hệ thống, mang tên Spirit of Singapore.','<h2>Điểm nổi bật</h2>\n\n<ul>\n	<li>V&eacute; tham quan Bảo t&agrave;ng s&aacute;p Madame Tussauds, kh&ocirc;ng giới hạn giờ ra v&agrave;o.</li>\n	<li>Chi&ecirc;m ngưỡng c&aacute;c tượng s&aacute;p như thật của những người nổi tiếng thuộc nhiều lĩnh vực kh&aacute;c nhau.</li>\n	<li>Tạo d&aacute;ng v&agrave; chụp ảnh để chia sẻ với bạn b&egrave;, người th&acirc;n.</li>\n	<li>Thưởng thức h&agrave;nh tr&igrave;nh kh&aacute;m ph&aacute; lịch sử v&agrave; những bước ph&aacute;t triển của Singapore qua&nbsp;Spirit of Singapore.</li>\n</ul>\n\n<ol>\n	<li>&nbsp;</li>\n	<li>&nbsp;</li>\n	<li>&nbsp;</li>\n	<li>&nbsp;</li>\n	<li>&nbsp;</li>\n	<li>&nbsp;</li>\n	<li>&nbsp;</li>\n	<li>&nbsp;</li>\n	<li>&nbsp;</li>\n</ol>\n\n<p><img alt=\"Details\" src=\"http://divui.com/content/images/thumbs/0000313_bao-tang-madame-tussauds-va-images-of-singapore-ve-tham-quan.jpeg\" /></p>\n\n<p><a href=\"http://divui.com/Bao-tang-Madame-Tussauds-va-Images-of-Singapore-Ve-tham-quan#carousel-example-generic\">Previous</a><a href=\"http://divui.com/Bao-tang-Madame-Tussauds-va-Images-of-Singapore-Ve-tham-quan#carousel-example-generic\">Next</a></p>\n\n<h2>Bạn được trải nghiệm những g&igrave;?</h2>\n\n<p>Madame Tussauds Singapore v&agrave; Images of Singapore LIVE c&ugrave;ng tọa lạc tại h&ograve;n đảo Sentosa được biết đến như hai địa điểm bạn nhất định phải gh&eacute; thăm khi đặt ch&acirc;n đến Singapore. Một kh&ocirc;ng gian quy tụ những nh&acirc;n vật nổi tiếng bậc nhất thế giới, c&ugrave;ng những khung h&igrave;nh lịch sử trải d&agrave;i theo d&ograve;ng chảy th&uacute; vị của &ldquo;con s&ocirc;ng&rdquo; thời gian đang &ldquo;nghi&ecirc;ng m&igrave;nh&rdquo; chờ bạn kh&aacute;m ph&aacute;.</p>\n\n<p>Đến với bảo t&agrave;ng tượng s&aacute;p Madame Tussauds, bạn c&oacute; cơ hội gặp mặt, &quot;s&aacute;nh vai&quot; với c&aacute;c ng&ocirc;i sao nổi tiếng, ch&iacute;nh kh&aacute;ch lừng danh hay thậm ch&iacute; l&agrave; c&aacute;c vĩ nh&acirc;n của thế giới. Đ&oacute; c&oacute; thể l&agrave; CR7 với nụ cười điển trai, si&ecirc;u &ldquo;cao kều&rdquo; Yao Ming&nbsp;hay&nbsp;Michael Jackson, Madonna, ... đ&atilde; sẵn s&agrave;ng để c&ugrave;ng bạn selfie thỏa th&iacute;ch. Được t&aacute;i hiện một c&aacute;ch ch&acirc;n thực nhất th&ocirc;ng qua những m&ocirc; h&igrave;nh s&aacute;p, thật kh&oacute; l&ograve;ng để t&igrave;m ra điểm kh&aacute;c biệt giữa ch&acirc;n dung c&aacute;c ng&ocirc;i sao nơi đ&acirc;y v&agrave; nguy&ecirc;n bản ngo&agrave;i đời thật.</p>\n\n<p>Nếu Madame Tussauds đ&atilde; mang lại cơ hội tuyệt vời được gặp gỡ &ldquo;mặt đối mặt&rdquo; với những thần tượng bạn y&ecirc;u mến, th&igrave; Images of Singapore Live sẽ đem bạn đến khoảng thời gian l&yacute; th&uacute; được đắm m&igrave;nh v&agrave;o d&ograve;ng chảy lịch sử h&agrave;o h&ugrave;ng của đất nước Singapore. Trải d&agrave;i trong suốt chuyền h&agrave;nh tr&igrave;nh tham quan, c&aacute;c diễn vi&ecirc;n t&agrave;i năng sẽ gi&uacute;p t&aacute;i hiện lại bức tranh to&agrave;n cảnh của &ldquo;quốc gia t&acirc;n tiến nhất Đ&ocirc;ng Nam &Aacute;&rdquo; một c&aacute;ch ch&acirc;n thực v&agrave; v&ocirc; c&ugrave;ng sinh động. C&oacute; thể kh&ocirc;ng s&ocirc;i động như những hoạt động vui chơi nhưng đảm bảo chuyến thăm bảo t&agrave;ng tượng s&aacute;p Madame Tussauds v&agrave; Images of Singapore Live vẫn sẽ h&agrave;o hứng v&agrave; đầy ắp bất ngờ cho bạn.</p>\n\n<h2>Điều kiện v&eacute;</h2>\n\n<p><strong>Bao gồm</strong></p>\n\n<ul>\n	<li>V&eacute; tham quan bảo t&agrave;ng Madame Tussauds + Images of Singapore Live.</li>\n</ul>\n\n<p><strong>Kh&ocirc;ng bao gồm</strong></p>\n\n<ul>\n	<li>C&aacute;c chi ph&iacute; c&aacute; nh&acirc;n kh&aacute;c (kh&ocirc;ng được liệt k&ecirc; trong loại v&eacute;).</li>\n</ul>\n\n<p><strong>Quy định đặt/huỷ</strong></p>\n\n<ul>\n	<li>V&eacute; đ&atilde; mua kh&ocirc;ng được ho&agrave;n, huỷ hoặc đổi trả.</li>\n</ul>\n\n<h2>Địa điểm sử dụng</h2>\n\n<p><strong>Địa điểm sử dụng v&agrave; thời gian</strong></p>\n\n<ul>\n	<li>Madame Tussauds, 40 Imbiah Road, Imbiah Lookout, Sentosa Island, Singapore 098269</li>\n	<li>Thời gian mở cửa:</li>\n	<li>Bảo t&agrave;ng Madame Tussauds: 10:00 đến 19:00 (lượt cuối l&uacute;c 18:00)</li>\n	<li>Images of Singapore\n	<ul>\n		<li>Thứ 2 đến thứ 6: 10:00 đến 18:00</li>\n		<li>Thứ 7, chủ nhật, ng&agrave;y lễ: 10:00 đến 19:30&nbsp;</li>\n	</ul>\n	</li>\n</ul>\n\n<p><strong>Hướng dẫn đi lại</strong></p>\n\n<ul>\n	<li><strong>MRT:&nbsp;</strong>Đi MRT, North-East line hay Circle line đến trạm HarbourFront station. Ra cổng E để v&agrave;o Vivo City, l&ecirc;n tầng 3 mua v&eacute; Sentosa Express Train (Hoặc bạn cũng c&oacute; thể đi c&aacute;p treo đến Sentosa, mua v&eacute; ở HarbourFront Centre, tầng 1). Xuống ở trạm Imbiah Station, băng qua Merlion Plaza để đến thang cuốn, bước l&ecirc;n đ&oacute; v&agrave; bạn sẽ đến thẳng bảo t&agrave;ng s&aacute;p Madame Tussauds.</li>\n</ul>\n\n<h2>Hướng dẫn sử dụng</h2>\n\n<ul>\n	<li>IN VOUCHER được gửi đến email của bạn sau khi đặt tour. Đ&acirc;y l&agrave; căn cứ cho việc bạn đ&atilde; thanh to&aacute;n.</li>\n	<li>Đổi Voucher tại 1 trong c&aacute;c quầy v&eacute; sau:\n	<ul>\n		<li>Sentosa Station (VivoCity, Lầu 3, Sảnh L) (08:30 - 21:00)</li>\n		<li>Quầy v&eacute; (10:00 - 19:00) hoặc Kiot v&eacute; tự động Imbiah Lookout</li>\n		<li>Quầy v&eacute; (10:00 - 21:00) hoặc Kiot v&eacute; tự động Beach Station</li>\n		<li>Quầy v&eacute; Waterfront Station (09:00 - 20:00)</li>\n		<li>Quầy v&eacute; Merlion Plaza (09:00 - 18:00)</li>\n	</ul>\n	</li>\n	<li>Đưa hộ chiếu c&oacute; ảnh để đối chiếu. T&ecirc;n h&agrave;nh kh&aacute;ch trong voucher phải tr&ugrave;ng với t&ecirc;n trong hộ chiếu. Nếu voucher gồm nhiều h&agrave;nh kh&aacute;ch, chỉ cần hộ chiếu của người mua tour (thể hiện tr&ecirc;n voucher).</li>\n	<li>Đối với v&eacute; trẻ em, vui l&ograve;ng mang theo giấy tờ chứng minh độ tuổi của b&eacute;.</li>\n	<li>Voucher chỉ c&oacute; gi&aacute; trị v&agrave;o ng&agrave;y đ&atilde; đăng k&yacute;. Voucher qu&aacute; hạn sẽ kh&ocirc;ng được ho&agrave;n tiền.</li>\n	<li>Voucher kh&ocirc;ng được chuyển nhượng.</li>\n	<li>Chỉ c&oacute; thể đổi voucher một lần (nếu bạn đăng k&yacute; cho 3 người, bạn sẽ đổi voucher lấy 3 v&eacute; một lần, kh&ocirc;ng được đổi nhiều lần với 1 voucher).</li>\n</ul>\n\n<h2>Th&ocirc;ng tin hữu &iacute;ch</h2>\n\n<ul>\n	<li>Gi&aacute; trẻ em &aacute;p dụng cho trẻ từ 3-12 tuổi.</li>\n</ul>\n','Vé tham quan bảo tàng Madame Tussauds + Images of Singapore Live.','Các chi phí cá nhân khác (không được liệt kê trong loại vé).',NULL,NULL,'103.817641','1.253888','','2017-01-21 03:41:25','2017-02-05 13:21:24'),(12,'Vé tham quan công viên nước lớn nhất Đông Nam Á Adventure Cove Water Park',1,375000,295000,'Cùng với Thủy Cung S.E.A. Aquarium, Adventure Cove Waterpark là hai điểm tham quan mới của Công viên Đời sống Hải dương tại khu nghỉ dưỡng World Sentosa của Singapore. Công viên nước vịnh Thám Hiểm này được mệnh danh là công viên nước đẹp nhất Châu Á, nơi du khách có thể tìm thấy những niềm vui bất tận cùng gia đình và bạn bè.','<h2>Điểm nổi bật</h2>\n\n<ul>\n	<li>V&eacute; Adventure Cove Waterpark - Vui chơi thỏa th&iacute;ch tại c&ocirc;ng vi&ecirc;n nước Adventure Cove.</li>\n	<li>Thư gi&atilde;n c&ugrave;ng bạn b&egrave; tại hồ bơi tạo s&oacute;ng Bluwater Bay.</li>\n	<li>Thả m&igrave;nh uốn lượn theo từng cung bậc cảm x&uacute;c trong hệ ống trượt nước quy m&ocirc; v&agrave; hiện đại với thiết kế s&aacute;u v&ograve;ng v&agrave; chạy bằng thủy lực.</li>\n	<li>Thăm th&uacute; d&ograve;ng s&ocirc;ng lười d&agrave;i nhất thế giới (d&agrave;i 620m) uốn kh&uacute;c quanh 14 cảnh quan từ rừng nhiệt đới ẩm thấp đến hang động kh&ocirc; r&aacute;o tr&ecirc;n cao.</li>\n</ul>\n\n<ol>\n	<li>&nbsp;</li>\n	<li>&nbsp;</li>\n	<li>&nbsp;</li>\n	<li>&nbsp;</li>\n	<li>&nbsp;</li>\n	<li>&nbsp;</li>\n	<li>&nbsp;</li>\n</ol>\n\n<p><img alt=\"Details\" src=\"http://divui.com/content/images/thumbs/0000341_cong-vien-nuoc-cove-waterpark-ve-tham-quan.jpeg\" /></p>\n\n<p><a href=\"http://divui.com/Cong-vien-nuoc-Cove-Waterpark-Ve-tham-quan#carousel-example-generic\">Previous</a><a href=\"http://divui.com/Cong-vien-nuoc-Cove-Waterpark-Ve-tham-quan#carousel-example-generic\">Next</a></p>\n\n<h2>Bạn được trải nghiệm những g&igrave;?</h2>\n\n<p>Singapore sở hữu kh&aacute; nhiều c&ocirc;ng tr&igrave;nh nằm trong top đầu c&aacute;c điểm đến th&uacute; vị tr&ecirc;n to&agrave;n Ch&acirc;u &Aacute;, trong đ&oacute;&nbsp;&quot;Vịnh Th&aacute;m Hiểm&quot; - Adventure Cove Waterpark l&agrave; một trong những c&ocirc;ng vi&ecirc;n nước đẹp nhất. Kh&ocirc;ng chỉ đơn thuần l&agrave; những tr&ograve; vui dưới nước, những m&aacute;ng trượt đơn giản, Vịnh th&aacute;m hiểm đưa bạn v&agrave;o một cuộc th&aacute;m hiểm thật sự qua những c&ocirc;ng tr&igrave;nh thiết kế v&agrave; b&agrave;y tr&iacute; kh&eacute;o l&eacute;o bởi c&aacute;c kiến tr&uacute;c sư t&agrave;i ba.&nbsp;</p>\n\n<p>H&atilde;y thử sức với Dueling Racer - nơi bạn c&ugrave;ng đua t&agrave;i với những người bạn xem ai sẽ l&agrave; người chiến thắng tr&ecirc;n những đường trượt nước đủ sắc m&agrave;u. Hoặc bạn cũng c&oacute; thể trải nghiệm hố nước Whirlpool Washout hay Big Bucket Treehouse - nh&agrave; c&acirc;y với những ống nước xịt tung toa. Đảm bảo bạn sẽ c&oacute; những ph&uacute;t gi&acirc;y trải nghiệm cực kỳ sảng kho&aacute;i v&agrave; kh&ocirc;ng k&eacute;m phần th&iacute;ch th&uacute; trước những bất ngờ tại đ&acirc;y.</p>\n\n<p>Khi đ&atilde; thấm mệt, h&atilde;y dừng ch&acirc;n tại s&ocirc;ng lười, nơi bạn thoải m&aacute;i thư gi&atilde;n v&agrave; để d&ograve;ng nước &ecirc;m đềm đưa bạn đi du ngoạn. Hay đến với ng&ocirc;i nh&agrave; của hơn&nbsp;20.000 cư d&acirc;n c&aacute; đa dạng sặc sỡ m&agrave; chỉ cần&nbsp;bạn đưa tay theo d&ograve;ng nước, những đ&agrave;n c&aacute; b&eacute; xinh sẽ theo đ&oacute; m&agrave; vờn quanh. V&agrave; để bản th&acirc;n v&agrave; gia đ&igrave;nh c&oacute; đầy đủ năng lượng nhất, đừng qu&ecirc;n nạp th&ecirc;m &quot;sức mạnh&quot; tại The Bay Restaurant - những m&oacute;n ăn ngon, phục vụ tận t&igrave;nh c&ugrave;ng những giờ ph&uacute;t thư gi&atilde;n chắc chắn sẽ khiến bạn th&ecirc;m h&agrave;o hứng tiếp tục h&agrave;nh tr&igrave;nh kh&aacute;m ph&aacute; Vịnh Th&aacute;m Hiểm n&agrave;y.</p>\n\n<h2>Điều kiện v&eacute;</h2>\n\n<p><strong>Bao gồm</strong></p>\n\n<ul>\n	<li>V&eacute; v&agrave;o cổng Adventure Cove Waterpark.</li>\n	<li>Thiết bị lặn</li>\n</ul>\n\n<p><strong>Kh&ocirc;ng bao gồm</strong></p>\n\n<ul>\n	<li>Đưa đ&oacute;n tại kh&aacute;ch sạn.</li>\n	<li>C&aacute;c chi ph&iacute; ăn uống v&agrave; hoạt động giải tr&iacute; kh&aacute;c (kh&ocirc;ng được liệt k&ecirc; trong chi tiết v&eacute;)</li>\n</ul>\n\n<p><strong>Ch&iacute;nh s&aacute;ch hủy</strong></p>\n\n<ul>\n	<li>V&eacute; đ&atilde; mua kh&ocirc;ng được ho&agrave;n huỷ hoặc đổi trả.</li>\n</ul>\n\n<h2>Địa điểm sử dụng</h2>\n\n<p><strong>Địa điểm sử dụng v&agrave; thời gian</strong></p>\n\n<ul>\n	<li>Adventure Cove Waterpark - 8 Sentosa Gateway, Sentosa Island, Singapore 098269</li>\n	<li>Giờ hoạt động: 10:00 đến 18:00 mỗi ng&agrave;y (giờ hoạt động c&oacute; thể thay đổi m&agrave; kh&ocirc;ng b&aacute;o trước).</li>\n	<li>Thời lượng: 6 - 8 giờ (ước lượng).</li>\n</ul>\n\n<p><strong>Hướng dẫn đi lại</strong></p>\n\n<ul>\n	<li><strong>MRT:&nbsp;</strong>C&ocirc;ng vi&ecirc;n nước nằm tr&ecirc;n đảo Sensota. Du kh&aacute;ch đi MRT tuyến T&acirc;y Bắc đến trạm Harbourfront (NE1), sau đ&oacute; đi xe bu&yacute;t đến Sentosa ở trạm trung chuyển xe bu&yacute;t.</li>\n	<li><strong>Sentosa Express:&nbsp;</strong>đi theo hướng dẫn ở c&aacute;c biển chỉ đường đi l&ecirc;n tầng ba của trung t&acirc;m mua sắm &ldquo;Vivo City&rdquo; để mua v&eacute; đi Setosa. Chuyến cuối c&ugrave;ng từ Vivo đến Sentosa v&agrave; ngược lại v&agrave;o l&uacute;c 24:00.</li>\n	<li><strong>C&aacute;p treo:</strong>&nbsp;khởi h&agrave;nh từ trạm&nbsp;HarbourFront đến trạm Sentosa rồi đi bộ đến&nbsp;Adventure Cove Waterpark.</li>\n</ul>\n\n<h2>Hướng dẫn sử dụng</h2>\n\n<ul>\n	<li>IN VOUCHER được gửi đến email của bạn sau khi đặt tour. Đ&acirc;y l&agrave; căn cứ cho việc bạn đ&atilde; thanh to&aacute;n.</li>\n	<li>Đổi Voucher lấy v&eacute; v&agrave;o cổng tại quầy v&eacute; số 9 - Asiatravel.com ( Asiatravel.com - Kios No. 9) - nằm tại hầm B1 (Basement Coach Bay Level) - to&agrave; nh&agrave; cạnh bến xe bus/taxi. Quầy v&eacute; hoạt động từ 9:00 - 17:30.</li>\n	<li>Đưa hộ chiếu c&oacute; ảnh để đối chiếu. T&ecirc;n h&agrave;nh kh&aacute;ch trong voucher phải tr&ugrave;ng với t&ecirc;n trong hộ chiếu. Nếu voucher gồm nhiều h&agrave;nh kh&aacute;ch, chỉ cần hộ chiếu của người mua tour (thể hiện tr&ecirc;n voucher)</li>\n	<li>Đối với v&eacute; trẻ em, vui l&ograve;ng mang theo giấy tờ chứng minh độ tuổi của b&eacute;.</li>\n	<li>Voucher c&oacute; gi&aacute; trị 30 ng&agrave;y kể từ ng&agrave;y sử dụng. Voucher qu&aacute; hạn sẽ kh&ocirc;ng được ho&agrave;n tiền.</li>\n	<li>Voucher kh&ocirc;ng được chuyển nhượng.</li>\n	<li>Chỉ c&oacute; thể đổi voucher một lần (nếu bạn đăng k&yacute; cho 3 người, bạn sẽ đổi voucher lấy 3 v&eacute; một lần, kh&ocirc;ng được đổi nhiều lần với 1 voucher)</li>\n</ul>\n\n<h2>Th&ocirc;ng tin hữu &iacute;ch</h2>\n\n<ul>\n	<li>Trẻ em dưới 6 tuổi phải c&oacute; người lớn đi k&egrave;m.</li>\n</ul>\n','- Vé vào cổng Adventure Cove Waterpark.\n- Thiết bị lặn','- Đưa đón tại khách sạn.\n- Các chi phí ăn uống và hoạt động giải trí khác (không được liệt kê trong chi tiết vé)','','','103.819375','1.258622','','2017-01-21 04:17:24','2017-02-05 13:22:26'),(13,'Vé tham quan bảo tàng đánh lừa thị giác - Trick Eye Museum',1,320000,320000,'Trick Eye Museum là một địa điểm vui chơi mới lạ và vô cùng hấp dẫn, với 7 không gian chủ đề khác nhau: Tuyệt tác (Masterpiece), Bí ẩn (Mystery), Hoang dã (Safari), Rạp xiếc (Circus), Thần tiên (Fairy Tale), Mùa đông (Winter) và Ảo giác (Trick World). Hãy để cho trí tưởng tượng của bạn được thỏa mãn cùng những góc nhìn 3D độc đáo và thú vị, “nhìn vậy nhưng không phải vậy”.','<p>Trick Eye Museum được biết đến như một trong những bảo t&agrave;ng đ&aacute;nh lừa thị gi&aacute;c h&agrave;ng đầu Ch&acirc;u &Aacute;. Đến đ&acirc;y, bạn h&atilde;y dựa v&agrave;o tr&iacute; tưởng tượng v&ocirc; hạn của m&igrave;nh c&ugrave;ng sự biến h&oacute;a kh&ocirc;n lường của nghệ thuật để tạo ra những bức ảnh v&ocirc; c&ugrave;ng th&uacute; vị nh&eacute;!<br />\n<br />\nVới 6 kh&ocirc;ng gian kh&aacute;c nhau như: World of Masterpieces, Safari Kingdom, Star of Circus, Dreams of Fairy Tale, Love in Winter v&agrave; Adventure Discovery. C&aacute;c t&aacute;c phẩm 3D nổi l&ecirc;n khỏi tường, trần nh&agrave; hay mặt s&agrave;n trở n&ecirc;n sống động hơn bao giờ hết. Ch&iacute;nh c&aacute;c bạn sẽ h&ograve;a m&igrave;nh v&agrave;o những bức tranh n&agrave;y, trở th&agrave;nh một phần của ch&uacute;ng. Khoảnh khắc vui vẻ nhất l&agrave; những tr&agrave;ng cười kh&ocirc;ng ngớt khi thử nghiệm c&aacute;c tư thế chụp h&igrave;nh độc đ&aacute;o, kh&aacute;c biệt; l&agrave; sự t&ograve; m&ograve; kh&aacute;m ph&aacute; &ldquo;cho bằng hết&rdquo; tr&ograve; lừa ảo diệu cuối c&ugrave;ng<br />\n<br />\nBước một ch&acirc;n v&agrave;o v&ugrave;ng kh&ocirc;ng gian huyền ảo nơi đ&acirc;y, v&agrave; bạn sẽ kh&ocirc;ng thể ngưng lại được &ldquo;cơn kh&aacute;t&rdquo; s&aacute;ng tạo đang d&acirc;ng tr&agrave;o.&nbsp;<br />\nTung c&aacute;nh rực rỡ tr&ecirc;n bầu trời xanh, hay cưỡi l&ecirc;n từng ngọn s&oacute;ng c&ugrave;ng ch&uacute; Sư tư biển Merlion quen thuộc. Trong chớp mắt bạn đ&atilde; thấy m&igrave;nh trong t&igrave;nh thế &ldquo;dở kh&oacute;c dở cười&rdquo; treo ngược m&igrave;nh dưới miệng l&atilde;o trăn khổng lồ hung tợn, l&uacute;c sau lại thả m&igrave;nh rơi tự do từ chiếc khinh kh&iacute; cầu &ldquo;x&igrave; hơi&rdquo;. D&acirc;ng &ldquo;thủ cấp&rdquo; l&agrave;m bữa ăn tr&aacute;ng miệng cho ho&agrave;ng đế, chui v&agrave;o đại b&aacute;c rạp xiếc l&agrave;m vi&ecirc;n đạn &ldquo;người&rdquo; hay đơn giản l&agrave; ngồi y&ecirc;n trong v&ograve;ng tay &acirc;u yếm của ch&agrave;ng khủng long bạo ch&uacute;a, kh&ocirc;ng g&igrave; l&agrave; kh&ocirc;ng thể nếu bạn l&agrave; chủ nh&acirc;n của một tr&iacute; tưởng tượng phong ph&uacute;, v&agrave; với chiếc m&aacute;y ảnh th&acirc;n thương, cảm x&uacute;c sẽ được truyền tải một c&aacute;ch ch&acirc;n thực v&agrave; v&ocirc; c&ugrave;ng trọn vẹn th&ocirc;ng qua những khung h&igrave;nh đầy th&uacute; vị.<br />\nTrick Eye Museum Singapore<br />\n<br />\nKhoảng thời gian b&ecirc;n gia đ&igrave;nh v&agrave; b&egrave; bạn sẽ trở n&ecirc;n thật trọn vẹn tại Trick Eye Museum. Bỏ những tất bật lo toan của cuộc sống lại sau lưng, c&ugrave;ng v&aacute;c &ldquo;camera&rdquo; l&ecirc;n v&agrave; đi th&ocirc;i n&agrave;o. C&ograve;n g&igrave; tuyệt vời hơn khi mỗi lần xem lại những bức ảnh kỷ niệm l&agrave; một lần bạn thoải m&aacute;i ngập trong tiếng cười, phải kh&ocirc;ng?</p>\n\n<p>&nbsp;</p>\n\n<h2>Điểm nổi bật</h2>\n\n<ul>\n	<li>V&eacute; Trick Eye Museum Singapore - Thỏa m&atilde;n tr&iacute; tưởng tượng v&agrave; &oacute;c s&aacute;ng tạo với những kh&ocirc;ng gian 3D kỳ th&uacute;.</li>\n	<li>Thỏa th&iacute;ch chụp những bức ảnh đ&aacute;nh lừa thị gi&aacute;c độc đ&aacute;o v&agrave; th&uacute; vị.</li>\n	<li>Kh&aacute;m ph&aacute; một địa điểm vui chơi mới tại Singapore.</li>\n</ul>\n\n<ol>\n	<li>&nbsp;</li>\n	<li>&nbsp;</li>\n	<li>&nbsp;</li>\n	<li>&nbsp;</li>\n	<li>&nbsp;</li>\n	<li>&nbsp;</li>\n	<li>&nbsp;</li>\n	<li>&nbsp;</li>\n	<li>&nbsp;</li>\n	<li>&nbsp;</li>\n	<li>&nbsp;</li>\n</ol>\n\n<p><img alt=\"Details\" src=\"http://divui.com/content/images/thumbs/0000353_bao-tang-trick-eye-museum-singapore-ve-tham-quan.jpeg\" /></p>\n\n<p><a href=\"http://divui.com/Bao-tang-Trick-Eye-Museum-Singapore-Ve-tham-quan#carousel-example-generic\">Previous</a><a href=\"http://divui.com/Bao-tang-Trick-Eye-Museum-Singapore-Ve-tham-quan#carousel-example-generic\">Next</a></p>\n\n<h2>Bạn được trải nghiệm những g&igrave;?</h2>\n\n<p>Được biết đến như một trong những bảo t&agrave;ng đ&aacute;nh lừa thị gi&aacute;c h&agrave;ng đầu Ch&acirc;u &Aacute;, bạn sẽ kh&ocirc;ng khỏi ngạc nhi&ecirc;n hết cỡ trước sự biến h&oacute;a kh&ocirc;n lường của nghệ thuật trong kh&ocirc;ng gian n&agrave;y. Với 6 kh&ocirc;ng gian kh&aacute;c nhau như World of Masterpice, Safari Kingdom, Star of Circus, Dreams of Fairy Tale, Love in Winter v&agrave; Adventure Discovery. Chỉ cần đặt ch&acirc;n v&agrave;o bảo t&agrave;ng, bạn sẽ lạc v&agrave;o thế giới của sự s&aacute;ng tạo với những bức tranh 3D trải d&agrave;i từ mặt tường, s&agrave;n nh&agrave; cho đến tận trần nh&agrave;, ch&acirc;n thật, sống động v&agrave; đầy cuốn h&uacute;t.</p>\n\n<p>Bạn c&oacute; cơ hội tung bay v&agrave;o bầu trời trong xanh trong những đ&ocirc;i c&aacute;nh rực rỡ, cưỡi l&ecirc;n những ngọn s&oacute;ng dữ c&ugrave;ng Merlion huyền thoại, hay treo ngược m&igrave;nh chiến đấu với ch&uacute; trăn khổng lồ. Mỗi một bức tranh, một g&oacute;c tường sẽ l&agrave; cả một thế giới cho bạn thỏa sức s&aacute;ng tạo h&agrave;ng trăm kiểu ảnh kh&aacute;c nhau - vui nhộn, năng động, dũng m&atilde;nh hay nghi&ecirc;m t&uacute;c,... tất cả chỉ phụ thuộc v&agrave;o tr&iacute; tưởng tượng phong ph&uacute; của bạn.&nbsp;</p>\n\n<h2>Điều kiện v&eacute;</h2>\n\n<p><strong>Bao gồm</strong></p>\n\n<ul>\n	<li>V&eacute; v&agrave;o cổng Trick Eye Museum.</li>\n</ul>\n\n<p><strong>Kh&ocirc;ng bao gồm</strong></p>\n\n<ul>\n	<li>C&aacute;c chi ph&iacute; c&aacute; nh&acirc;n kh&aacute;c (c&aacute;c hoạt động giải tr&iacute;, ăn uống kh&ocirc;ng được đề cập trong chi tiết v&eacute;).</li>\n</ul>\n\n<p><strong>Điều kiện v&eacute;</strong></p>\n\n<ul>\n	<li>V&eacute; đ&atilde; mua rồi kh&ocirc;ng được ho&agrave;n, hủy hay đổi trả.</li>\n</ul>\n\n<h2>Địa điểm sử dụng</h2>\n\n<p><strong>Địa điểm sử dụng v&agrave; thời gian</strong></p>\n\n<ul>\n	<li>Trick Eye Museum, 26 Sentosa Gateway #01-43/44 Singapore 098138.</li>\n	<li>Giờ hoạt động: 10:00 - 21:00 .</li>\n	<li>Lượt v&agrave;o cuối: 20:00.</li>\n	<li>Thời lượng tham quan: 1 giờ 30 ph&uacute;t - 2 giờ 30 ph&uacute;t (ước lượng).</li>\n</ul>\n\n<p><strong>Hướng dẫn đi lại</strong></p>\n\n<ul>\n	<li><strong>Đi bộ:&nbsp;</strong>Đến tầng 1 ViVo City v&agrave; đi theo chỉ dẫn đến Boardwalk; đến lối v&agrave;o của Sensota Island v&agrave; t&igrave;m đến Trick Eye Museum.</li>\n	<li><strong>Bus:&nbsp;</strong>Xe bus tuyến 65, 80, 93, 188, 855, 10, 30, 97, 100, 131, 143, 145 v&agrave; 166; xuống xe tại ViVo City. Sau đ&oacute; đổi bus RWS8 tại trạm 14141 tại Vivo City hoặc tại trạm 14121 tại Merrill Lynch, HabourFront. Xuống xe tại Resort World Sensota. Đi v&agrave;o The Forum, rẽ tr&aacute;i v&agrave; đi thang m&aacute;y l&ecirc;n lầu 1. Rẽ tr&aacute;i v&agrave; đi dọc theo Candylicious v&agrave; Din Tai Fung. Sau đ&oacute; bạn sẽ thấy một m&agrave;n h&igrave;nh lớn, rẽ phải v&agrave; tiếp tục đi dọc theo vỉa h&egrave; Waterfront tới cuối đường. Bạn sẽ thấy bảo t&agrave;ng Trick Eye tr&ecirc;n đường đi, nằm b&ecirc;n phải Malaysian Food Street.</li>\n	<li><strong>MRT:&nbsp;</strong>Bắt tuyến North-East hoặc tuyến Circle tại trạm HarbourFront. Dừng tại bến E đến Vivo City v&agrave; l&ecirc;n lầu 3 để sử dụng Sensota Express v&agrave; sau đ&oacute; xuống xe tại trạm Waterfront. Đi thẳng đến Lake of Dreams v&agrave; Universal Studio Globe. Sau đ&oacute; bạn sẽ thấy một m&agrave;n h&igrave;nh lớn, rẽ phải v&agrave; tiếp tục đi dọc theo vỉa h&egrave; Waterfront tới cuối đường. Bạn sẽ thấy bảo t&agrave;ng Trick Eye tr&ecirc;n đường đi, nằm b&ecirc;n phải Malaysian Food Street.</li>\n</ul>\n\n<h2>Hướng dẫn sử dụng</h2>\n\n<ul>\n	<li>IN VOUCHER được gửi đến email của bạn sau khi đặt tour. Đ&acirc;y l&agrave; căn cứ cho việc bạn đ&atilde; thanh to&aacute;n.</li>\n	<li>Đổi Voucher tại 1 trong c&aacute;c quầy v&eacute; sau:\n	<ul>\n		<li>Sentosa Station (VivoCity, Lầu 3, Sảnh L) (08:30 - 21:00)</li>\n		<li>Quầy v&eacute; (10:00 - 19:00) hoặc Kiot v&eacute; tự động Imbiah Lookout</li>\n		<li>Quầy v&eacute; (10:00 - 21:00) hoặc Kiot v&eacute; tự động Beach Station</li>\n		<li>Quầy v&eacute; Waterfront Station (09:00 - 20:00)</li>\n		<li>Quầy v&eacute; Merlion Plaza (09:00 - 18:00)</li>\n	</ul>\n	</li>\n	<li>Đưa hộ chiếu c&oacute; ảnh để đối chiếu. T&ecirc;n h&agrave;nh kh&aacute;ch trong voucher phải tr&ugrave;ng với t&ecirc;n trong hộ chiếu. Nếu voucher gồm nhiều h&agrave;nh kh&aacute;ch, chỉ cần hộ chiếu của người mua tour (thể hiện tr&ecirc;n voucher)</li>\n	<li>Đối với v&eacute; trẻ em, vui l&ograve;ng mang theo giấy tờ chứng minh độ tuổi của b&eacute;.</li>\n	<li>Voucher chỉ c&oacute; gi&aacute; trị v&agrave;o ng&agrave;y đ&atilde; đăng k&yacute;. Voucher qu&aacute; hạn sẽ kh&ocirc;ng được ho&agrave;n tiền.</li>\n	<li>Voucher kh&ocirc;ng được chuyển nhượng.</li>\n	<li>Chỉ c&oacute; thể đổi voucher một lần (nếu bạn đăng k&yacute; cho 3 người, bạn sẽ đổi voucher lấy 3 v&eacute; một lần, kh&ocirc;ng được đổi nhiều lần với 1 voucher)</li>\n</ul>\n\n<h2>Th&ocirc;ng tin hữu &iacute;ch</h2>\n\n<ul>\n	<li>Miễn ph&iacute; v&agrave;o cổng cho trẻ em dưới 3 tuổi.</li>\n	<li>Gi&aacute; v&eacute; trẻ em &aacute;p dụng cho trẻ từ 4 - 12 tuổi.</li>\n</ul>\n','Vé vào cổng Trick Eye Museum.','Các chi phí cá nhân khác (các hoạt động giải trí, ăn uống không được đề cập trong chi tiết vé).',NULL,NULL,'103.822223','1.257681','','2017-01-21 10:48:28','2017-01-26 17:09:29'),(14,'Vé Luge and Skyride - Trải nghiệm đua xe trượt tại Sentosa',1,310000,310000,'Là đường trượt đầu tiên xuất hiện ở Đông Nam Á, Skyline Luge đang khiến các du khách ở Sentosa phấn khích, “điên đảo” bằng sự mới lạ, độc đáo, pha chút mạo hiểm của mình. Những ai đã từng thử thả mình trên đường trượt này hầu như đều muốn được trải nghiệm thêm 2, 3 lần nữa mới cảm thấy thỏa mãn.','<p>Nếu cảm gi&aacute;c chinh phục c&aacute;c trở ngại, th&aacute;ch thức khiến bạn cảm thấy phấn kh&iacute;ch, h&agrave;o hứng th&igrave; Skyline Luge đ&iacute;ch thị l&agrave; tr&ograve; chơi th&uacute; vị d&agrave;nh cho bạn đấy. Chỉ với một chiếc xe đua độc đ&aacute;o bạn sẽ được tận hưởng những cảm gi&aacute;c sảng kho&aacute;i khi lao như bay tr&ecirc;n đường trượt lộng gi&oacute;, v&agrave; hưng phấn tột độ khi chinh phục những g&oacute;c cua hiểm h&oacute;c tr&ecirc;n đường đua. Bạn đ&atilde; sẵn s&agrave;ng chưa, n&agrave;o, ch&uacute;ng ta c&ugrave;ng bắt đầu cuộc đua tốc độ th&uacute; vị n&agrave;y ngay nh&eacute;!</p>\n\n<p>Đồng h&agrave;nh c&ugrave;ng bạn l&agrave; chiếc xe trượt Luge 3 b&aacute;nh, kh&ocirc;ng động cơ, tr&ocirc;ng nhỏ nhắn v&agrave; kh&aacute; lạ mắt, nửa giống xe go-kart, nửa lại như xe trượt băng th&ocirc;ng thường. Bạn c&oacute; thể chọn một trong hai đường trượt Jungle Trail (650m) hoặc The Dragon Trail (668m), nhưng kh&aacute; nhiều người &ldquo;m&aacute;ch nước&rdquo; rằng The Dragon Trail sẽ khiến bạn hưng phấn hơn nhiều với c&aacute;c kh&uacute;c cua, g&oacute;c cua hẹp, chướng ngại vật cũng kh&oacute; xử l&yacute; hơn đấy. Nếu bạn băn khoăn về sự an to&agrave;n tr&ecirc;n đường trượt Skyline, th&igrave; đừng lo lắng, v&igrave; đ&atilde; c&oacute; c&aacute;c nh&acirc;n vi&ecirc;n lu&ocirc;n nhiệt t&igrave;nh hướng dẫn c&aacute;ch xử l&yacute; t&igrave;nh huống bất ngờ v&agrave; d&otilde;i theo bạn tr&ecirc;n từng chặng đua, cứ y&ecirc;n t&acirc;m v&agrave; tận hưởng tr&ograve; chơi nh&eacute;!</p>\n\n<p>Khi chiếc xe Luge bắt đầu lăn b&aacute;nh, c&oacute; thể sự thay đổi tốc độ đột ngột sẽ khiến bạn hơi lo sợ, nhưng cảm gi&aacute;c ấy sẽ nhanh ch&oacute;ng qua đi, thay v&agrave;o đ&oacute; l&agrave; sự th&iacute;ch th&uacute;, h&agrave;o hứng khi được x&eacute; gi&oacute; lao vun v&uacute;t tr&ecirc;n đường trượt. Dọc theo hai b&ecirc;n đường to&agrave;n l&agrave; c&acirc;y xanh rợp b&oacute;ng c&agrave;ng l&agrave;m cảm gi&aacute;c được đua xe th&ecirc;m ch&acirc;n thực v&agrave; th&uacute; vị. Hệt như những tay đua thực thụ, bạn c&oacute; thể tự do điều chỉnh tốc độ v&agrave; bẻ l&aacute;i theo &yacute; muốn để vượt qua những đoạn đường ngoằn ngo&egrave;o hay những vật cản tr&ecirc;n đường trượt. Đ&ocirc;i khi bạn sẽ phải th&oacute;t tim trước những c&uacute; xử l&yacute; chậm khiến Luge x&eacute;m t&ocirc;ng v&agrave;o lề, nhưng khi đ&atilde; ho&agrave;n th&agrave;nh chặng đua, bạn sẽ thấy đ&oacute; kh&ocirc;ng hẳn l&agrave; trải nghiệm tồi đ&acirc;u.</p>\n\n<p>Trải nghiệm Skyline Luge v&agrave;o ban đ&ecirc;m cũng l&agrave; &yacute; tưởng kh&aacute; th&uacute; vị, bạn sẽ được tắm m&igrave;nh trong &aacute;nh đ&egrave;n lung linh, đầy m&agrave;u sắc tr&ecirc;n suốt chặng đua v&agrave; tận hưởng kh&ocirc;ng kh&iacute; m&aacute;t mẻ của tiết trời Singapore. Skyline Luge buổi tối kh&ocirc;ng chỉ l&agrave; một cuộc đua tốc độ m&agrave; c&ograve;n l&agrave; cuộc dạo đ&ecirc;m mới lạ d&agrave;nh cho bạn đấy. Ngo&agrave;i ra bạn c&ograve;n c&oacute; cơ hội chi&ecirc;m ngưỡng bao qu&aacute;t cảnh quan đảo Sentosa từ tr&ecirc;n cao c&ugrave;ng c&aacute;p treo Skyride, bạn sẽ phải trầm trồ trước cảnh đẹp hiện ra trước mắt m&igrave;nh, biển v&agrave; bầu trời gần như h&ograve;a l&agrave;m một trong m&agrave;u xanh ngọc. Đ&oacute; ch&iacute;nh l&agrave; phần thưởng tuyệt vời sau một cuộc đua mạo hiểm!</p>\n\n<p>Vừa tận hưởng kh&ocirc;ng kh&iacute; trong l&agrave;nh, vừa được phấn kh&iacute;ch với cuộc đua tốc độ mới lạ, đ&acirc;y hẳn sẽ l&agrave; một trải nghiệm đ&aacute;ng nhớ trong chuyến kh&aacute;m ph&aacute; Singapore của bạn. H&atilde;y kh&aacute;m ph&aacute; khả năng &ldquo;l&aacute;i lụa&rdquo; của bạn c&ugrave;ng Skyline Luge Sentosa - th&uacute; vui đang l&agrave;m đi&ecirc;n đảo du kh&aacute;ch n&agrave;y nh&eacute;!</p>\n','- Vé đua xe Luge trên đường trượt Skyline.\n- Vé cáp treo Skyride.','- Các chi phí phát sinh không được đề cập trên vé.\n- Đưa đón đi lại.',NULL,NULL,'103.816928','1.251957','','2017-01-21 10:55:29','2017-02-05 13:24:15'),(15,'Vé iFly Singapore - Chinh phục cảm giác nhảy dù trong nhà với iFly (ngày thường)',1,1385000,1385000,'Bạn có cho rằng con người không thể bay nếu không có các thiết bị hỗ trợ gắn-trên-người, trừ trường hợp du hành ngoài vũ trụ? Nếu câu trả lời là “Có” thì có lẽ bạn chưa biết đến trò chơi cảm giác mạnh thú vị mang tên iFly đang “làm mưa làm gió” tại Singapore rồi. Dù xuất hiện cách đây gần 3 năm nhưng iFly vẫn chưa có dấu hiệu giảm nhiệt.','<p>Bạn c&oacute; cho rằng con người kh&ocirc;ng thể bay nếu kh&ocirc;ng c&oacute; c&aacute;c thiết bị hỗ trợ gắn-tr&ecirc;n-người, trừ trường hợp du h&agrave;nh ngo&agrave;i vũ trụ? Nếu c&acirc;u trả lời l&agrave; &ldquo;C&oacute;&rdquo; th&igrave; c&oacute; lẽ bạn chưa biết đến tr&ograve; chơi cảm gi&aacute;c mạnh th&uacute; vị mang t&ecirc;n iFly đang &ldquo;l&agrave;m mưa l&agrave;m gi&oacute;&rdquo; tại Singapore rồi. D&ugrave; xuất hiện c&aacute;ch đ&acirc;y gần 3 năm nhưng iFly vẫn chưa c&oacute; dấu hiệu giảm nhiệt, tr&aacute;i lại, ng&agrave;y c&agrave;ng được du kh&aacute;ch -đặc biệt l&agrave; giới trẻ- ưa chuộng, v&agrave; lu&ocirc;n nằm trong &ldquo;top 5 những tr&ograve; chơi cảm gi&aacute;c mạnh phải thử một lần khi đến Singapore&rdquo; đấy.&nbsp;</p>\n\n<h3>Bạn sẽ được trải nghiệm những g&igrave;</h3>\n\n<p>Được bay, được thả m&igrave;nh lơ lửng, lượn v&ograve;ng giữa kh&ocirc;ng trung như một c&aacute;nh chim lu&ocirc;n l&agrave; một khao kh&aacute;t của bất cứ ai y&ecirc;u tự do v&agrave; th&iacute;ch kh&aacute;m ph&aacute;. V&agrave; giờ bạn c&oacute; thể thực hiện khao kh&aacute;t ấy ngay trong nh&agrave; m&agrave; kh&ocirc;ng cần lo lắng về thời tiết hay độ nguy hiểm với iFly Singapore&ndash;m&ocirc; h&igrave;nh nhảy d&ugrave; trong nh&agrave; c&oacute; đường ống gi&oacute; thẳng đứng lớn nhất thế giới. Nếu bạn đ&atilde; chuẩn bị sẵn s&agrave;ng th&igrave; ch&uacute;ng ta c&ugrave;ng kh&aacute;m ph&aacute; iFly nh&eacute;!</p>\n\n<p><img alt=\"\" src=\"http://divui.com/Content/Images/uploaded/SIN031/iFly-sin-02.jpg\" /></p>\n\n<p>iFly được thiết kế m&ocirc; phỏng theo tr&ograve; nhảy d&ugrave;, hoạt động nhờ một đường ống gi&oacute; c&oacute; chiều rộng 5m, chiều d&agrave;i 17,2m -tương đương với chiều cao của một t&ograve;a nh&agrave; 5 tầng- v&agrave; đặc biệt tốc độ gi&oacute; l&ecirc;n tới 160-190km/giờ. Kh&aacute;c với tr&ograve; nhảy d&ugrave; ngo&agrave;i trời, bạn kh&ocirc;ng cần phải tốn qu&aacute; nhiều thời gian để học phương ph&aacute;p chơi sao cho đảm bảo an to&agrave;n, m&agrave; chỉ cần quan s&aacute;t kỹ hướng dẫn của nh&acirc;n vi&ecirc;n v&agrave; bay thử một, hai lần l&agrave; đ&atilde; c&oacute; thể bắt đầu nhập cuộc một c&aacute;ch dễ d&agrave;ng rồi.</p>\n\n<p>Khi đ&ocirc;i ch&acirc;n bắt đầu rời mặt đất v&agrave; cơ thể bạn th&igrave; được n&acirc;ng dần dần l&ecirc;n cao, c&oacute; thể bạn sẽ hơi l&uacute;ng t&uacute;ng, chao đảo v&igrave; mất thăng bằng đột ngột, v&agrave; kh&ocirc;ng d&aacute;m di chuyển mạnh. Thế nhưng chỉ cần v&agrave;i gi&acirc;y l&agrave;m quen đảm bảo bạn sẽ trở n&ecirc;n cực kỳ h&agrave;o hứng v&agrave; phấn kh&iacute;ch tận hưởng cảm gi&aacute;c được bay nhảy tự do trong &ldquo;bầu trời&rdquo; của ri&ecirc;ng m&igrave;nh. Kh&ocirc;ng chỉ tạo d&aacute;ng bay đơn giản, bạn c&ograve;n c&oacute; thể tưởng tượng m&igrave;nh l&agrave; Superman đang liều m&igrave;nh cứu thế giới với bộ trang phục hơi na n&aacute; bộ c&aacute;nh si&ecirc;u nh&acirc;n, hoặc tạo d&aacute;ng t&aacute;o bạo hơn như uốn dẻo, tập yoga... khi đang lơ lửng ở độ cao hơn chục m&eacute;t. Cứ tha hồ l&agrave;m mọi điều bạn muốn tr&ecirc;n kh&ocirc;ng trung, c&agrave;ng &ldquo;đi&ecirc;n rồ&rdquo; c&agrave;ng th&uacute; vị, v&igrave; khi ngắm nh&igrave;n lại những khoảnh khắc ấy bạn sẽ bật cười sảng kho&aacute;i cho m&agrave; xem.</p>\n\n<p><img alt=\"\" src=\"http://divui.com/Content/Images/uploaded/SIN031/iFly-sin-11.jpg\" /></p>\n\n<p>Nhờ thiết kế đặc biệt của iFly, bạn c&oacute; thể vừa lơ lửng trong ph&ograve;ng k&iacute;nh lại vừa thưởng thức khung cảnh thi&ecirc;n nhi&ecirc;n b&ecirc;n ngo&agrave;i v&agrave; cả b&atilde;i biển Siloso xinh đẹp, cảm gi&aacute;c hưng phấn chẳng kh&aacute;c g&igrave; được tự do bay lượn giữa bầu trời Singapore vậy. Nếu bộ m&ocirc;n nhảy d&ugrave; y&ecirc;u cầu kh&aacute; khắt khe về độ tuổi hay kỹ năng th&igrave; với iFly d&ugrave; bạn c&oacute; l&agrave; đứa b&eacute; 7 tuổi hay l&agrave; cụ gi&agrave; 106 tuổi, d&ugrave; l&agrave; chuy&ecirc;n gia nhảy d&ugrave; hay người chưa biết một kỹ năng cơ bản n&agrave;o, chỉ cần bạn th&iacute;ch kh&aacute;m ph&aacute;, ưa những trải nghiệm mới lạ th&igrave; vẫn c&oacute; thể tho&aacute;i mải tận hưởng cảm gi&aacute;c được bay lượn tự do như một c&aacute;nh chim xinh.</p>\n\n<p><img alt=\"\" src=\"http://divui.com/Content/Images/uploaded/SIN031/iFly-sin-04.jpg\" /><br />\nVới iFly Singapore, kh&ocirc;ng phải tốn nhiều tiền bạc v&agrave; c&ocirc;ng sức, bạn vẫn c&oacute; thể hiện thực h&oacute;a ước mơ được tự m&igrave;nh chinh phục bầu trời, được tự do bay nhảy m&agrave; kh&ocirc;ng cần bất kỳ thiết bị hỗ trợ rắc rối n&agrave;o, v&agrave; hơn thế nữa, c&ograve;n được c&ugrave;ng người th&acirc;n trải qua những khoảnh khắc vui nhộn v&agrave; đ&aacute;ng nhớ. Vậy th&igrave; c&ograve;n chần chừ g&igrave; m&agrave; kh&ocirc;ng đến bay c&ugrave;ng iFly Singapore?<br />\n&nbsp;</p>\n\n<h3><strong>Điều kiện v&eacute;</strong></h3>\n\n<p><em><strong>Thời gian</strong></em></p>\n\n<ul>\n	<li>Giờ thấp&nbsp;điểm (Off-Peak)\n	<ul>\n		<li>Thứ Hai đến thứ Năm: 10:00 - 22:00</li>\n	</ul>\n	</li>\n	<li>Giờ cao điểm (Peak)\n	<ul>\n		<li>Thứ S&aacute;u đến Chủ Nhật: 10:00 - 22:00</li>\n	</ul>\n	</li>\n</ul>\n\n<p>&nbsp;</p>\n\n<p><em><strong>Lưu &yacute;</strong></em></p>\n\n<ul>\n	<li>Người chơi phải từ 7 tuổi trở l&ecirc;n.</li>\n	<li>Nếu người chơi c&oacute; chiều cao dưới 1.8m th&igrave; nặng tối đa 120kg; tr&ecirc;n 1.8m th&igrave; c&acirc;n nặng tối đa l&agrave; 140kg.</li>\n	<li>Người chơi phải l&agrave; người kh&ocirc;ng mang thai; kh&ocirc;ng bị ảnh hưởng của rượu hoặc ma t&uacute;y; kh&ocirc;ng c&oacute; tiền sử về vai trật khớp, lưng hoặc chấn thương cổ.</li>\n	<li>H&atilde;y đến iFly Singapore trước khi chơi khoảng 1 tiếng để luyện tập v&agrave; chuẩn bị.</li>\n</ul>\n\n<p><em><strong>Ch&iacute;nh s&aacute;ch hủy</strong></em></p>\n\n<ul>\n	<li>V&eacute; đ&atilde; mua kh&ocirc;ng được ho&agrave;n, hủy hoặc đổi trả.</li>\n</ul>\n','Vé tham gia 1 lượt trò chơi iFly','Các chi phí phát sinh không nêu trên vé',NULL,NULL,'103.817505','1.252107','','2017-01-22 16:13:40','2017-02-05 13:24:36'),(16,'Vé Sentosa MegaZip - Trải nghiệm ngoạn mục với đường đu dây Zipline',1,620000,620000,'Bạn là người ưa mạo hiểm? Bạn không sợ độ cao? Bạn thích chiêm ngưỡng cảnh vật từ phía trên? Đừng chần chừ gì nữa, hãy đến đảo Sentosa và tận hưởng cảm giác trượt Zipline ngay đi nào! Không chỉ mang lại niềm vui cùng gia đình, bạn bè, bạn còn được quan sát khu rừng nhiệt đới Sentosa Jungle tuyệt đẹp từ trên không trung nữa đấy.','<p>Bạn l&agrave; người ưa mạo hiểm? Bạn kh&ocirc;ng sợ độ cao? Bạn th&iacute;ch chi&ecirc;m ngưỡng cảnh vật từ ph&iacute;a tr&ecirc;n? Đừng chần chừ g&igrave; nữa, h&atilde;y đến đảo Sentosa v&agrave; tận hưởng cảm gi&aacute;c trượt Zipline ngay đi n&agrave;o! Sự hưng phấn sẽ tr&agrave;n ngập trong bạn ngay từ những gi&acirc;y ph&uacute;t đầu ti&ecirc;n. Kh&ocirc;ng chỉ mang lại niềm vui c&ugrave;ng gia đ&igrave;nh, bạn b&egrave;, bạn c&ograve;n được quan s&aacute;t khu rừng nhiệt đới Sentosa Jungle tuyệt đẹp từ tr&ecirc;n kh&ocirc;ng trung nữa đấy!</p>\n\n<h3>Bạn sẽ được trải nghiệm những g&igrave;</h3>\n\n<p>Nếu bạn l&agrave; người ưa th&iacute;ch mạo hiểm th&igrave; chắc chắn Sentosa MegaZip l&agrave; địa điểm ở Singapore m&agrave; bạn kh&ocirc;ng thể bỏ qua để thử th&aacute;ch bản th&acirc;n m&igrave;nh với tr&ograve; Zipline v&ocirc; c&ugrave;ng hấp dẫn. Thật sự, Zipline sẽ mang lại cho bạn cảm gi&aacute;c sảng kho&aacute;i khi nh&igrave;n mọi vật từ ph&iacute;a tr&ecirc;n cao. Những cung bậc cảm x&uacute;c m&agrave; tr&ograve; chơi mang lại hứa hẹn sẽ cho bạn những gi&acirc;y ph&uacute;t tuyệt vời b&ecirc;n người th&acirc;n v&agrave; bạn b&egrave;. C&ograve;n chần chừ g&igrave; nữa m&agrave; kh&ocirc;ng đến Sentosa kh&aacute;m ph&aacute; ngay nhỉ?</p>\n\n<p>Tr&ograve; chơi Zipline bắt nguồn từ một loại h&igrave;nh giao th&ocirc;ng phổ biến được sử dụng ở những nơi c&oacute; địa h&igrave;nh n&uacute;i non hiểm trở để r&uacute;t ngắn thời gian di chuyển. Chẳng hạn như ở Trung Quốc, người ta x&acirc;y dựng Zipline như một &ldquo;c&acirc;y cầu&rdquo; vượt s&ocirc;ng. Lấy cảm hứng từ sự mạo hiểm của loại &ldquo;phương tiện&rdquo; ấy, Zipline đ&atilde; trở th&agrave;nh một m&ocirc;n thể thao mới cho người th&iacute;ch phi&ecirc;u lưu để thử th&aacute;ch v&agrave; chinh phục bản th&acirc;n m&igrave;nh.</p>\n\n<p><img alt=\"\" src=\"http://divui.com/Content/Images/uploaded/SIN030/sin030-8.jpg\" /></p>\n\n<p>Trước mặt bạn l&agrave; những sợi d&acirc;y c&aacute;p chắc chắn treo lơ lửng giữa kh&ocirc;ng trung. Bạn sẽ được trải nghiệm cảm gi&aacute;c trượt tr&ecirc;n sợi d&acirc;y ấy từ độ cao 75m, d&agrave;i 450m với vận tốc l&ecirc;n đến 60 km/h. Đừng lo lắng qu&aacute;, v&igrave; bạn sẽ được trang bị bảo hộ kĩ c&agrave;ng, đảm bảo cho bạn thoải m&aacute;i &ldquo;bay lượn&rdquo; tr&ecirc;n kh&ocirc;ng v&agrave; tận hưởng bầu kh&ocirc;ng kh&iacute; trong l&agrave;nh m&agrave; kh&ocirc;ng phải đắn đo về bất k&igrave; điều g&igrave; nữa. Rất nhiều du kh&aacute;ch d&ugrave; e d&egrave; ở những ph&uacute;t đầu ti&ecirc;n, nhưng khi chặng đường đ&atilde; kết th&uacute;c, họ vẫn giữ được cảm gi&aacute;c sảng kho&aacute;i v&agrave; mong muốn trượt th&ecirc;m lần nữa.</p>\n\n<p><img alt=\"\" src=\"http://divui.com/Content/Images/uploaded/SIN030/sin030-6.JPG\" /></p>\n\n<p>Bạn biết kh&ocirc;ng, nh&igrave;n những c&aacute;nh rừng nhiệt đới rậm rạp xanh tươi hay những bờ c&aacute;t trắng ở Fox Finish Point từ ph&iacute;a tr&ecirc;n cao ngang tầm chim bay l&agrave; một trải nghiệm tuyệt vời đấy! Tr&ecirc;n d&acirc;y Zipline, bạn c&oacute; thể xoay người theo hướng m&agrave; m&igrave;nh th&iacute;ch để ngắm nh&igrave;n cảnh vật. Mọi thứ nh&igrave;n từ tr&ecirc;n cao hết sức h&ugrave;ng vĩ v&agrave; đẹp lạ l&ugrave;ng. Thậm ch&iacute;, khi hứng ch&iacute; bạn c&oacute; thể thay đổi tư thế tự do trong kh&ocirc;ng trung, h&eacute;t l&ecirc;n v&agrave;i tiếng giữa đất trời bao la, hay cười đ&ugrave;a c&ugrave;ng ch&uacute;ng bạn tr&ecirc;n từng chặng đường. Điều đ&oacute; thật tuyệt vời phải kh&ocirc;ng?</p>\n\n<p><img alt=\"\" src=\"http://divui.com/Content/Images/uploaded/SIN030/sin030-3.jpg\" /></p>\n\n<p>Vượt l&ecirc;n nỗi sợ độ cao v&agrave; tận hưởng cảm gi&aacute;c th&iacute;ch th&uacute; khi trượt tr&ecirc;n kh&ocirc;ng, bạn sẽ c&oacute; những trải nghiệm kh&ocirc;ng bao giờ qu&ecirc;n! C&oacute; những l&uacute;c bạn sẽ phải n&iacute;n thở v&igrave; gi&oacute;, v&igrave; dốc, v&igrave; mặt đất như cận kề, nhưng sau những gi&acirc;y ph&uacute;t ấy l&agrave; sự hồ hởi v&agrave; phấn kh&iacute;ch kh&ocirc;ng thể n&agrave;o kiềm lại được. Bạn c&ograve;n chần chừ g&igrave; nữa m&agrave; kh&ocirc;ng cho m&igrave;nh cơ hội để trải nghiệm đường đu d&acirc;y Zipline v&ocirc; c&ugrave;ng ngoạn mục n&agrave;o?</p>\n\n<h3><strong>Điều kiện v&eacute;</strong></h3>\n\n<p><em><strong>Bao gồm</strong></em></p>\n\n<ul>\n	<li>V&eacute; 1 lượt Zipline.</li>\n</ul>\n\n<p><em><strong>Kh&ocirc;ng bao gồm</strong></em></p>\n\n<ul>\n	<li>Đưa đ&oacute;n.</li>\n	<li>Những chi ph&iacute; ph&aacute;t sinh kh&ocirc;ng được liệt k&ecirc; trong v&eacute;.</li>\n</ul>\n\n<p><em><strong>Lưu &yacute;</strong></em></p>\n\n<ul>\n	<li>Chiều cao tối thiểu: 0.9m đối với trẻ c&oacute; người lớn (tr&ecirc;n 1.5m) đi k&egrave;m v&agrave; 1.2m đối với trẻ kh&ocirc;ng c&oacute; người lớn đi k&egrave;m.</li>\n	<li>V&eacute; &aacute;p dụng cho người c&oacute; c&acirc;n nặng từ 30 - 140 kg.</li>\n</ul>\n\n<p><em><strong>Ch&iacute;nh s&aacute;ch hủy</strong></em></p>\n\n<ul>\n	<li>V&eacute; đ&atilde; mua kh&ocirc;ng được ho&agrave;n, hủy hoặc đổi trả.</li>\n</ul>\n','Vé 1 lượt Zipline','- Đưa đón.\n- Những chi phí phát sinh không được liệt kê trong vé.',NULL,NULL,'103.814663','1.257231','','2017-01-22 16:19:11','2017-02-05 13:24:59'),(17,'Vé OCBC Skyway tại Gardens by the bay - Choáng ngợp với đường đi bộ trên không',1,95000,95000,'Đến với Gardens by the Bay, bạn có thể chiêm ngưỡng rất nhiều tuyệt tác kết hợp giữa tự nhiên và nhân tạo, đủ để bạn cảm thấy choáng ngợp trước sự độc đáo của nó. OCBC Skyway, tức con đường đi bộ trên không, là một trong những nơi hấp dẫn nhất. Bạn có thể thỏa thích ngắm nhìn quang cảnh của khu vườn, những siêu cây có một không hai trên thế giới.','<p>Đến với Gardens by the Bay, bạn c&oacute; thể chi&ecirc;m ngưỡng rất nhiều tuyệt t&aacute;c kết hợp giữa tự nhi&ecirc;n v&agrave; nh&acirc;n tạo, đủ để bạn cảm thấy cho&aacute;ng ngợp trước sự độc đ&aacute;o của n&oacute;. Trong những tuyệt t&aacute;c ấy, OCBC Skyway, tức con đường đi bộ tr&ecirc;n kh&ocirc;ng, l&agrave; một trong những nơi hấp dẫn nhất. Bạn c&oacute; thể thỏa th&iacute;ch ngắm nh&igrave;n quang cảnh của khu vườn, những si&ecirc;u c&acirc;y c&oacute; một kh&ocirc;ng hai tr&ecirc;n thế giới, đồng thời tận hưởng cảm gi&aacute;c vừa th&iacute;ch th&uacute; vừa hồi hộp, trải nghiệm n&agrave;y chắc chắn bạn sẽ m&atilde;i kh&ocirc;ng qu&ecirc;n được. Bạn c&ograve;n chần chừ g&igrave; nữa m&agrave; kh&ocirc;ng mua ngay một v&eacute; OCBC Skyway đi n&agrave;o?</p>\n\n<h3><strong>Bạn sẽ được trải nghiệm những g&igrave;</strong></h3>\n\n<p>Đến với Singapore, bạn sẽ bị cho&aacute;ng ngợp bởi những địa điểm v&ocirc; c&ugrave;ng độc đ&aacute;o, c&oacute; một kh&ocirc;ng hai tr&ecirc;n thế giới. Trong đ&oacute;, c&oacute; thể n&oacute;i Gardens by the Bay l&agrave; một tuyệt t&aacute;c, l&agrave; một trong những biểu tượng mới của Singapore, với khu sinh th&aacute;i rộng đến 101 hecta v&agrave; hơn 250 ngh&igrave;n lo&agrave;i c&acirc;y qu&yacute; hiếm trong nh&agrave; k&iacute;nh. Điểm th&uacute; vị ở đ&acirc;y l&agrave; giữa những si&ecirc;u c&acirc;y cao vời vợi, bạn sẽ c&oacute; cơ hội dạo bộ bằng đường đi tr&ecirc;n kh&ocirc;ng. H&atilde;y c&ugrave;ng nhau kh&aacute;m ph&aacute; xem n&agrave;o!</p>\n\n<p><img alt=\"\" src=\"http://divui.com/Content/Images/uploaded/SIN028/sin028-1.jpg\" /></p>\n\n<p>Khi nhắc đến con đường đi bộ tr&ecirc;n kh&ocirc;ng, c&oacute; lẽ bạn sẽ nghĩ ngay đến Grand Canyon Skyway ở Mỹ, hay Huangshui National Forest ở Trung Quốc. B&acirc;y giờ bạn ho&agrave;n to&agrave;n c&oacute; thể thưởng thức cảm gi&aacute;c th&uacute; vị khi đi tr&ecirc;n kh&ocirc;ng ngay tại quốc đảo nhỏ b&eacute; Singapore với cảnh quang tuyệt vời kh&ocirc;ng hề k&eacute;m cạnh. Giữa những si&ecirc;u c&acirc;y khổng lồ hấp thụ năng lượng năng lượng &aacute;nh s&aacute;ng mặt trời v&agrave;o ban ng&agrave;y v&agrave; thắp s&aacute;ng v&agrave;o ban đ&ecirc;m, con đường tr&ecirc;n kh&ocirc;ng mở ra như một dải lụa vắt ngang trời. C&oacute; lẽ bạn sẽ c&oacute; một ch&uacute;t hồi hộp khi đứng từ độ cao 22m, nhưng khi đ&atilde; quen, sự phấn kh&iacute;ch sẽ chiếm lấy bạn, l&agrave;m cho bạn h&agrave;o hứng đi đến tận c&ugrave;ng con đường d&agrave;i 128m n&agrave;y.</p>\n\n<p>Từ tr&ecirc;n cao, quang cảnh khu vườn tuyệt đẹp sẽ l&agrave;m bạn m&ecirc; hoặc v&agrave; cho&aacute;ng ngợp. Bạn sẽ c&oacute; tầm nh&igrave;n rộng để quan s&aacute;t thỏa th&iacute;ch hệ sinh th&aacute;i tr&ugrave; ph&uacute; ở Gardens by the Bay, v&agrave; ph&iacute;a xa xa l&agrave; khu th&agrave;nh phố vịnh Marina Bay tuyệt đẹp với Marina Bay Sands v&agrave; Singapore Flyer đ&atilde; trở th&agrave;nh những &ldquo;biểu tượng mới&rdquo; cho Singapore xinh đẹp. Sự hiện đại kết hợp với quang cảnh tự nhi&ecirc;n xanh rờn như một n&eacute;t độc đ&aacute;o của ri&ecirc;ng Singapore vậy. Bạn sẽ cho m&igrave;nh một khoảng thời gian để ngắm nh&igrave;n n&eacute;t độc đ&aacute;o n&agrave;y c&ugrave;ng bạn b&egrave; v&agrave; người th&acirc;n chứ?</p>\n\n<p><img alt=\"\" src=\"http://divui.com/Content/Images/uploaded/SIN028/sin028-3.jpg\" /></p>\n\n<p>Đến đ&acirc;y v&agrave;o ban đ&ecirc;m, bạn đừng qu&ecirc;n thưởng l&atilde;m bữa tiệc &acirc;m thanh - &aacute;nh s&aacute;ng đầy nghệ thuật của c&aacute;c si&ecirc;u c&acirc;y nh&eacute;! Chương tr&igrave;nh Garden Rhapsody sẽ diễn ra hằng đ&ecirc;m đầy m&ecirc; hoặc, với vũ điệu &aacute;nh s&aacute;ng đầy quyến rũ nhờ nguồn năng lượng xanh được hấp thụ v&agrave;o ban ng&agrave;y. Chương tr&igrave;nh sẽ l&agrave; điểm nhấn để kết th&uacute;c trọn vẹn cho chuyến thăm quan khu vườn. Sẽ thật l&atilde;ng mạn nếu được c&ugrave;ng người y&ecirc;u đến chi&ecirc;m ngưỡng OCBC Skyway v&agrave;o ban đ&ecirc;m bạn nhỉ?</p>\n\n<p><img alt=\"\" src=\"http://divui.com/Content/Images/uploaded/SIN028/sin028-6.jpg\" /></p>\n\n<p>Với kh&ocirc;ng gian đầy m&ecirc; hoặc, OCBC SKyway l&agrave; một trong những địa điểm hấp dẫn nhất du kh&aacute;ch khi đến với Singapore. Được tận hưởng cảm gi&aacute;c vừa th&iacute;ch th&uacute; vừa e d&egrave; sợ sệt, lại xen lẫn kh&ocirc;ng kh&iacute; l&atilde;ng mạn khi đi dạo bộ bằng đường đi tr&ecirc;n kh&ocirc;ng, đ&acirc;y sẽ l&agrave; trải nghiệm bạn sẽ ghi nhớ m&atilde;i. C&ograve;n chần chừ g&igrave; nữa, bạn h&atilde;y đến Gardens by the Bay để trải nghiệm ngay th&ocirc;i n&agrave;o.</p>\n\n<p><em><strong>Lưu &yacute;</strong></em></p>\n\n<ul>\n	<li>V&eacute; trẻ em &aacute;p dụng cho trẻ từ 3 - 12 tuổi.</li>\n</ul>\n\n<p><em><strong>Ch&iacute;nh s&aacute;ch hủy</strong></em></p>\n\n<ul>\n	<li>V&eacute; đ&atilde; mua kh&ocirc;ng được ho&agrave;n, hủy hoặc đổi trả.</li>\n</ul>\n','Vé 1 lượt đi dạo OCBC Skyway','- Phí đưa đón.\n- Các chi phí phát sinh không được liệt kê trong vé',NULL,NULL,'103.864018','1.281667','','2017-01-22 16:24:33','2017-02-05 13:26:31'),(18,'Vé tham quan sở thú đêm Night Safari + tàu điện',1,575000,405000,'Night Safari Singapore là vườn thú đêm đầu tiên của thế giới, là một trong những địa điểm thu hút du khách nổi tiếng ở Singapore.Đi dạo một mình dọc theo đường mòn đi bộ hay thư giãn trên xe điện – cho dù bạn chọn bất kỳ hình thức nào, Night Safari là một chuyến phiêu lưu hoang dã không thể bỏ qua.','<h2>Điểm nổi bật</h2>\n\n<ul>\n	<li>V&eacute; v&agrave;o cổng vườn th&uacute; đ&ecirc;m Night Safari Singapore, vườn th&uacute; đ&ecirc;m đầu ti&ecirc;n tr&ecirc;n thế giới</li>\n	<li>9 lần đạt giải thưởng Trải nghiệm thu h&uacute;t du kh&aacute;ch nhất do Tổng cục du lịch Singapore trao tặng</li>\n	<li>1.040 c&aacute; thể thuộc 120 lo&agrave;i, trong đ&oacute; c&oacute; gần 30% thuộc động vật qu&yacute; hiếm.</li>\n	<li>Đặc biệt th&iacute;ch hợp với những chuyến đi của cả gia đ&igrave;nh c&oacute; trẻ em hoặc nh&oacute;m bạn</li>\n</ul>\n\n<p><img alt=\"Details\" src=\"http://divui.com/content/images/thumbs/0000285_so-thu-dem-night-safari-singapore-ve-tham-quan.jpeg\" /></p>\n\n<p><a href=\"http://divui.com/So-thu-dem-Night-Safari-Singapore-Ve-tham-quan#carousel-example-generic\">Previous</a><a href=\"http://divui.com/So-thu-dem-Night-Safari-Singapore-Ve-tham-quan#carousel-example-generic\">Next</a></p>\n\n<h2>Bạn được trải nghiệm những g&igrave;?</h2>\n\n<p>Với hệ thống sinh vật phong ph&uacute;, thuộc nhiều giống lo&agrave;i kh&aacute;c nhau, Night Safari Singapore đưa bạn đi từ bất ngờ n&agrave;y đến bất ngờ kh&aacute;c. Đ&oacute; c&oacute; thể l&agrave; cảm gi&aacute;c kinh ngạc khi đối diện trước những khu rừng ẩm ướt v&ugrave;ng Đ&ocirc;ng Nam &Aacute;, v&ugrave;ng rừng n&uacute;i Himalaya xa x&ocirc;i hay Ch&acirc;u Phi n&oacute;ng bỏng, từ d&atilde;y thung lũng Nepal cho đến v&ugrave;ng đồng hoang Nam Mỹ rậm rạp, chắc hẳn bạn sẽ kh&ocirc;ng thể tin được trong phạm vi 40 hecta, bạn c&oacute; thể tận mắt chi&ecirc;m ngưỡng đa dạng những khu sinh th&aacute;i ti&ecirc;u biểu tr&ecirc;n thế giới.</p>\n\n<p>Chuyến h&agrave;nh tr&igrave;nh kh&aacute;m ph&aacute; thế giới đ&ecirc;m huyền b&iacute; của bạn sẽ kh&ocirc;ng thể trọn vẹn, nếu thiếu những m&agrave;n tr&igrave;nh diễn đặc sắc. Đ&oacute; l&agrave; Thumbuakar Performance với những kỹ thuật &ldquo;bốc lửa&rdquo; đến từ c&aacute;c chiến binh rừng rậm sẽ l&agrave;m bạn vừa kinh ngạc vừa th&aacute;n phục. Hay&nbsp;&ldquo;ng&ocirc;i sao&rdquo; của m&agrave;n đ&ecirc;m: Creatures of the Night Show. Trong v&ograve;ng 20 ph&uacute;t, bạn sẽ được thưởng thức những giai điệu đến từ thi&ecirc;n nhi&ecirc;n, đ&oacute; l&agrave; tiếng gi&oacute;, tiếng l&aacute; c&acirc;y x&agrave;o xạc c&ugrave;ng những &acirc;m thanh của lo&agrave;i th&uacute; săn mồi về đ&ecirc;m, d&agrave;n đồng ca của n&uacute;i rừng ấy sẽ khiến cho bạn ngạc nhi&ecirc;n đến tột c&ugrave;ng. V&agrave; chắc chắn ấn tượng về một thế giới thi&ecirc;n nhi&ecirc;n, hoang d&atilde; n&agrave;y sẽ l&agrave; kỷ niệm&nbsp;kh&oacute; phai trong h&agrave;nh tr&igrave;nh du lịch Singapore tươi đẹp.</p>\n\n<h2>Điều kiện v&eacute;</h2>\n\n<p><strong>Bao gồm</strong></p>\n\n<ul>\n	<li>V&eacute; v&agrave;o cổng vườn th&uacute; đ&ecirc;m Night Safari.</li>\n	<li>V&eacute; t&agrave;u điện tham quan vườn th&uacute;.</li>\n	<li>C&aacute;c show diễn trong vườn th&uacute;.</li>\n</ul>\n\n<p><strong>Kh&ocirc;ng bao gồm</strong></p>\n\n<ul>\n	<li>Đưa đ&oacute;n tại kh&aacute;ch sạn.</li>\n	<li>C&aacute;c chi ph&iacute; ăn uống v&agrave; hoạt động giải tr&iacute; kh&aacute;c (kh&ocirc;ng c&oacute; trong chi tiết v&eacute;).</li>\n</ul>\n\n<p><strong>Ch&iacute;nh s&aacute;ch hủy</strong></p>\n\n<ul>\n	<li>V&eacute; đ&atilde; mua kh&ocirc;ng được huỷ hoặc đổi trả.</li>\n</ul>\n\n<h2>Địa điểm sử dụng</h2>\n\n<p><strong>Địa điểm sử dụng v&agrave; giờ hoạt động</strong></p>\n\n<ul>\n	<li>Singapore Zoo - 80 Mandai Lake Road, Singapore 729826</li>\n	<li>Giờ mở cửa: 19:00 - 00:00 mỗi ng&agrave;y.</li>\n	<li>Lượt v&agrave;o cuối: 23:15.</li>\n</ul>\n\n<p><strong>Hướng dẫn đi lại</strong></p>\n\n<ul>\n	<li>MRT v&agrave; xe bus:\n	<ul>\n		<li>Đi MRT đến trạm Choa Chu Kang, sau đ&oacute; bắt xe bus số 927.</li>\n		<li>Đi MRT đến trạm Ang Mo Kio, sau đ&oacute; bắt xe bus số 138.</li>\n		<li>Đi MRT đến trạm Marsiling hoặc trạm Woodlands, sau đ&oacute; bắt xe bus số 926 (chỉ hoạt động v&agrave;o ng&agrave;y Chủ nhật v&agrave; c&aacute;c ng&agrave;y lễ).</li>\n	</ul>\n	</li>\n</ul>\n\n<ul>\n	<li>Tự l&aacute;i xe: Đến 80 Mandai Lake Road, Singapore 729826, c&aacute;ch th&agrave;nh phố 30 ph&uacute;t đi xe, ngay trước lối v&agrave;o c&ocirc;ng vi&ecirc;n. Nhận giữ xe hơi, xe gắn m&aacute;y v&agrave; xe đạp.</li>\n</ul>\n\n<h2>Hướng dẫn sử dụng</h2>\n\n<ul>\n	<li>IN VOUCHER được gửi đến email của bạn sau khi đặt tour. Đ&acirc;y l&agrave; căn cứ cho việc bạn đ&atilde; thanh to&aacute;n.</li>\n	<li>Đem Voucher đến quầy v&eacute;&nbsp;Night Safari để đổi v&eacute; v&agrave;o cổng. Giờ đổi v&eacute; từ 17h30 đến 23h30 mổi ng&agrave;y.</li>\n	<li>Đưa hộ chiếu c&oacute; ảnh để đối chiếu. T&ecirc;n h&agrave;nh kh&aacute;ch trong voucher phải tr&ugrave;ng với t&ecirc;n trong hộ chiếu. Nếu voucher gồm nhiều h&agrave;nh kh&aacute;ch, chỉ cần hộ chiếu của người mua tour (thể hiện tr&ecirc;n voucher).</li>\n	<li>Đối với v&eacute; trẻ em, vui l&ograve;ng mang theo giấy tờ chứng minh độ tuổi của b&eacute;.</li>\n	<li>Voucher chỉ c&oacute; gi&aacute; trị v&agrave;o ng&agrave;y đ&atilde; đăng k&yacute;. Voucher qu&aacute; hạn sẽ kh&ocirc;ng được ho&agrave;n tiền.</li>\n	<li>Voucher kh&ocirc;ng được chuyển nhượng.</li>\n	<li>Chỉ c&oacute; thể đổi voucher một lần (nếu bạn đăng k&yacute; cho 3 người, bạn sẽ đổi voucher lấy 3 v&eacute; một lần, kh&ocirc;ng được đổi nhiều lần với 1 voucher)</li>\n</ul>\n\n<h2>Th&ocirc;ng tin hữu &iacute;ch</h2>\n\n<ul>\n	<li>Bạn n&ecirc;n đến sớm để quan s&aacute;t vườn th&uacute; về đ&ecirc;m</li>\n	<li>Giờ nhận kh&aacute;ch cuối c&ugrave;ng l&agrave; 23:15 nhưng quầy v&eacute; sẽ đ&oacute;ng cửa l&uacute;c 23:00 n&ecirc;n bạn cần đảm bảo c&oacute; mặt &iacute;t nhất 30 ph&uacute;t trước đ&oacute; để đổi v&eacute;</li>\n	<li>Bạn c&oacute; thể trở về trung t&acirc;m th&agrave;nh phố từ Night Safari bằng MRT hoặc xe bus&nbsp;SAEx (mở đến 23:00). Tuy nhi&ecirc;n, c&aacute;ch tốt nhất l&agrave; trở về bằng taxi để tr&aacute;nh c&aacute;c trường hợp kh&ocirc;ng đ&oacute;n được xe bus.</li>\n</ul>\n','- Vé vào cổng vườn thú đêm Night Safari.\n- Vé tàu điện tham quan vườn thú.\n- Các show diễn trong vườn thú.','- Đưa đón tại khách sạn.\n- Các chi phí ăn uống và hoạt động giải trí khác (không có trong chi tiết vé).',NULL,NULL,'103.788061','1.402187','','2017-01-22 16:45:07','2017-01-31 15:29:39');
/*!40000 ALTER TABLE `entrance_ticket` ENABLE KEYS */;
UNLOCK TABLES;

--
-- Table structure for table `fare`
--

DROP TABLE IF EXISTS `fare`;
/*!40101 SET @saved_cs_client     = @@character_set_client */;
/*!40101 SET character_set_client = utf8 */;
CREATE TABLE `fare` (
  `id` int(11) NOT NULL AUTO_INCREMENT,
  `passenger_id` int(11) NOT NULL,
  `round_trip` varchar(10) NOT NULL,
  `baggage_type_id` int(11) NOT NULL,
  `fare` float NOT NULL DEFAULT '0',
  `charge` float NOT NULL DEFAULT '0',
  `vat` float NOT NULL DEFAULT '0',
  `admin_fee` float NOT NULL DEFAULT '0',
  `airport_fee` float NOT NULL DEFAULT '0',
  `security_fee` float NOT NULL DEFAULT '0',
  `other_tax` float NOT NULL DEFAULT '0',
  `payment_fee` float NOT NULL DEFAULT '0',
  `created_at` datetime DEFAULT NULL,
  `updated_at` datetime DEFAULT NULL,
  PRIMARY KEY (`id`)
) ENGINE=InnoDB AUTO_INCREMENT=87 DEFAULT CHARSET=utf8;
/*!40101 SET character_set_client = @saved_cs_client */;

--
-- Dumping data for table `fare`
--

LOCK TABLES `fare` WRITE;
/*!40000 ALTER TABLE `fare` DISABLE KEYS */;
INSERT INTO `fare` VALUES (1,87,'1',1,1890000,50000,0,50000,70000,0,0,50000,'2017-02-10 04:26:06','2017-02-10 04:26:06'),(2,89,'1',1,399000,50000,0,50000,70000,0,0,50000,'2017-02-13 07:49:37','2017-02-13 07:49:37'),(3,88,'1',1,399000,50000,0,50000,70000,0,0,50000,'2017-02-13 07:49:37','2017-02-13 07:49:37'),(4,90,'1',1,399000,50000,0,50000,70000,0,0,50000,'2017-02-13 07:49:37','2017-02-13 07:49:37'),(5,91,'1',1,399000,50000,0,50000,70000,0,0,50000,'2017-02-13 09:23:03','2017-02-13 09:23:03'),(6,92,'1',1,399000,50000,0,50000,70000,0,0,50000,'2017-02-13 09:23:03','2017-02-13 09:23:03'),(7,93,'1',1,399000,50000,0,50000,70000,0,0,50000,'2017-02-13 09:23:03','2017-02-13 09:23:03'),(8,94,'1',1,750000,50000,0,100000,70000,10000,0,50000,'2017-02-14 03:48:13','2017-02-14 03:48:13'),(9,96,'1',1,0,50000,0,100000,0,0,0,50000,'2017-02-14 03:48:13','2017-02-14 03:48:13'),(10,95,'1',1,750000,50000,0,100000,0,0,0,50000,'2017-02-14 03:48:13','2017-02-14 03:48:13'),(11,97,'1',1,99000,50000,0,100000,70000,10000,0,50000,'2017-02-14 06:44:39','2017-02-14 06:44:39'),(12,98,'1',1,99000,50000,0,100000,70000,10000,0,50000,'2017-02-14 06:44:39','2017-02-14 06:44:39'),(13,99,'1',1,99000,50000,0,100000,70000,10000,0,50000,'2017-02-14 06:44:39','2017-02-14 06:44:39'),(14,100,'1',1,99000,50000,0,100000,70000,10000,0,50000,'2017-02-14 07:03:20','2017-02-14 07:03:20'),(15,102,'1',1,0,50000,0,100000,0,0,0,50000,'2017-02-14 07:03:20','2017-02-14 07:03:20'),(16,101,'1',1,99000,50000,0,100000,35000,5000,0,50000,'2017-02-14 07:03:20','2017-02-14 07:03:20'),(17,103,'1',1,99000,50000,0,100000,70000,10000,0,50000,'2017-02-14 07:05:22','2017-02-14 07:05:22'),(18,104,'1',1,99000,50000,0,100000,35000,5000,0,50000,'2017-02-14 07:05:22','2017-02-14 07:05:22'),(19,105,'1',1,0,50000,0,100000,0,0,0,50000,'2017-02-14 07:05:22','2017-02-14 07:05:22'),(20,106,'1',1,99000,50000,0,100000,70000,10000,0,50000,'2017-02-14 07:07:34','2017-02-14 07:07:34'),(21,107,'1',1,0,50000,0,100000,0,0,0,50000,'2017-02-14 07:07:34','2017-02-14 07:07:34'),(22,108,'1',1,99000,50000,0,100000,35000,5000,0,50000,'2017-02-14 07:07:34','2017-02-14 07:07:34'),(23,109,'1',1,270000,50000,0,100000,70000,10000,0,50000,'2017-02-14 07:15:47','2017-02-14 07:15:47'),(24,110,'1',1,0,50000,0,100000,0,0,0,50000,'2017-02-14 07:15:47','2017-02-14 07:15:47'),(25,111,'1',1,270000,50000,0,100000,35000,5000,0,50000,'2017-02-14 07:15:47','2017-02-14 07:15:47'),(26,112,'1',1,99000,50000,0,100000,70000,10000,0,50000,'2017-02-14 07:22:49','2017-02-14 07:22:49'),(27,113,'1',1,99000,50000,0,100000,35000,5000,0,50000,'2017-02-14 07:22:49','2017-02-14 07:22:49'),(28,114,'1',1,0,50000,0,100000,0,0,0,50000,'2017-02-14 07:22:49','2017-02-14 07:22:49'),(29,115,'1',1,99000,50000,0,100000,70000,10000,0,50000,'2017-02-14 07:50:50','2017-02-14 07:50:50'),(30,116,'1',1,99000,50000,0,100000,35000,5000,0,50000,'2017-02-14 07:50:50','2017-02-14 07:50:50'),(31,117,'1',1,0,50000,0,100000,0,0,0,50000,'2017-02-14 07:50:50','2017-02-14 07:50:50'),(32,118,'1',1,99000,50000,0,100000,70000,10000,0,50000,'2017-02-14 08:00:48','2017-02-14 08:00:48'),(33,119,'1',1,0,50000,0,100000,0,0,0,50000,'2017-02-14 08:00:48','2017-02-14 08:00:48'),(34,120,'1',1,99000,50000,0,100000,35000,5000,0,50000,'2017-02-14 08:00:48','2017-02-14 08:00:48'),(35,121,'1',1,0,50000,0,100000,0,0,0,50000,'2017-02-14 08:04:10','2017-02-14 08:04:10'),(36,122,'1',1,99000,50000,0,100000,70000,10000,0,50000,'2017-02-14 08:40:00','2017-02-14 08:40:00'),(37,124,'1',1,0,50000,0,100000,0,0,0,50000,'2017-02-14 08:40:00','2017-02-14 08:40:00'),(38,123,'1',1,99000,50000,0,100000,35000,5000,0,50000,'2017-02-14 08:40:00','2017-02-14 08:40:00'),(39,125,'1',1,0,50000,0,100000,0,0,0,50000,'2017-02-14 08:45:06','2017-02-14 08:45:06'),(40,126,'1',1,580000,50000,0,100000,70000,10000,0,50000,'2017-02-14 08:45:07','2017-02-14 08:45:07'),(41,127,'1',1,580000,50000,0,100000,35000,5000,0,50000,'2017-02-14 08:45:07','2017-02-14 08:45:07'),(42,130,'1',1,0,50000,0,100000,0,0,0,50000,'2017-02-14 08:56:39','2017-02-14 08:56:39'),(43,128,'1',1,580000,50000,0,100000,35000,5000,0,50000,'2017-02-14 08:56:39','2017-02-14 08:56:39'),(44,129,'1',1,580000,50000,0,100000,70000,10000,0,50000,'2017-02-14 08:56:39','2017-02-14 08:56:39'),(45,131,'1',1,299000,50000,0,100000,35000,5000,0,50000,'2017-02-15 02:05:39','2017-02-15 02:05:39'),(46,132,'1',1,0,50000,0,100000,0,0,0,50000,'2017-02-15 02:05:39','2017-02-15 02:05:39'),(47,133,'1',1,299000,50000,0,100000,70000,10000,0,50000,'2017-02-15 02:05:39','2017-02-15 02:05:39'),(48,134,'1',1,299000,50000,0,100000,70000,10000,0,50000,'2017-02-15 02:15:17','2017-02-15 02:15:17'),(49,135,'1',1,390000,50000,0,100000,70000,10000,0,50000,'2017-02-15 02:17:29','2017-02-15 02:17:29'),(50,136,'1',1,390000,50000,0,100000,70000,10000,0,50000,'2017-02-15 02:23:59','2017-02-15 02:23:59'),(51,137,'1',1,299000,50000,0,100000,70000,10000,0,50000,'2017-02-15 02:25:31','2017-02-15 02:25:31'),(52,138,'1',1,299000,50000,0,100000,70000,10000,0,50000,'2017-02-15 02:28:39','2017-02-15 02:28:39'),(53,141,'1',0,390000,50000,0,100000,70000,10000,0,50000,'2017-02-15 07:23:42','2017-02-15 07:23:42'),(54,140,'1',0,0,50000,0,100000,0,0,0,50000,'2017-02-15 07:23:42','2017-02-15 07:23:42'),(55,142,'1',0,390000,50000,0,100000,35000,5000,0,50000,'2017-02-15 07:29:33','2017-02-15 07:29:33'),(56,143,'1',0,390000,50000,0,100000,70000,10000,0,50000,'2017-02-15 07:29:33','2017-02-15 07:29:33'),(57,144,'1',0,110000,50000,0,100000,0,0,0,50000,'2017-02-15 07:29:33','2017-02-15 07:29:33'),(58,145,'1',0,390000,50000,0,100000,70000,10000,0,50000,'2017-02-15 07:40:57','2017-02-15 07:40:57'),(59,147,'1',0,110000,50000,0,100000,0,0,0,50000,'2017-02-15 07:40:57','2017-02-15 07:40:57'),(60,146,'1',0,390000,50000,0,100000,35000,5000,0,50000,'2017-02-15 07:40:57','2017-02-15 07:40:57'),(61,148,'1',0,390000,50000,0,100000,70000,10000,0,50000,'2017-02-15 09:24:51','2017-02-15 09:24:51'),(62,150,'1',0,110000,50000,0,100000,0,0,0,50000,'2017-02-15 09:24:51','2017-02-15 09:24:51'),(63,149,'1',0,390000,50000,0,100000,35000,5000,0,50000,'2017-02-15 09:24:51','2017-02-15 09:24:51'),(64,151,'1',0,299000,50000,0,100000,70000,10000,0,50000,'2017-02-16 04:04:29','2017-02-16 04:04:29'),(65,152,'1',0,299000,50000,0,100000,70000,10000,0,50000,'2017-02-16 04:11:58','2017-02-16 04:11:58'),(66,153,'1',0,580000,50000,0,100000,70000,10000,0,50000,'2017-02-16 06:25:07','2017-02-16 06:25:07'),(67,154,'2',0,810000,50000,0,100000,70000,10000,0,50000,'2017-02-16 06:32:45','2017-02-16 06:32:45'),(68,155,'2',0,810000,50000,0,100000,70000,10000,0,50000,'2017-02-16 06:32:45','2017-02-16 06:32:45'),(69,156,'2',0,810000,50000,0,100000,70000,10000,0,50000,'2017-02-16 06:36:13','2017-02-16 06:36:13'),(70,157,'2',0,810000,50000,0,100000,70000,10000,0,50000,'2017-02-16 06:36:13','2017-02-16 06:36:13'),(71,158,'2',0,750000,50000,0,100000,70000,10000,0,50000,'2017-02-16 06:46:26','2017-02-16 06:46:26'),(72,159,'2',0,750000,50000,0,100000,70000,10000,0,50000,'2017-02-16 06:46:26','2017-02-16 06:46:26'),(73,160,'2',0,840000,50000,0,100000,70000,10000,0,50000,'2017-02-16 06:50:18','2017-02-16 06:50:18'),(74,161,'2',0,840000,50000,0,100000,70000,10000,0,50000,'2017-02-16 06:50:18','2017-02-16 06:50:18'),(75,162,'2',0,90000,50000,0,100000,70000,10000,0,50000,'2017-02-16 06:54:16','2017-02-16 06:54:16'),(76,163,'2',0,90000,50000,0,100000,70000,10000,0,50000,'2017-02-16 06:54:16','2017-02-16 06:54:16'),(77,164,'2',0,1550000,50000,0,50000,70000,0,0,50000,'2017-02-16 07:13:43','2017-02-16 07:13:43'),(78,165,'2',0,1550000,50000,0,50000,70000,0,0,50000,'2017-02-16 07:13:43','2017-02-16 07:13:43'),(79,166,'2',0,1550000,50000,0,50000,70000,0,0,50000,'2017-02-16 07:22:32','2017-02-16 07:22:32'),(80,167,'2',0,1550000,50000,0,50000,70000,0,0,50000,'2017-02-16 07:22:32','2017-02-16 07:22:32'),(81,169,'2',0,1190000,50000,0,100000,70000,10000,0,50000,'2017-02-16 07:24:11','2017-02-16 07:24:11'),(82,168,'2',0,1190000,50000,0,100000,70000,10000,0,50000,'2017-02-16 07:24:11','2017-02-16 07:24:11'),(83,170,'2',0,750000,50000,0,100000,70000,10000,0,50000,'2017-02-16 07:28:21','2017-02-16 07:28:21'),(84,171,'2',0,750000,50000,0,100000,70000,10000,0,50000,'2017-02-16 07:28:21','2017-02-16 07:28:21'),(85,172,'2',0,799000,50000,0,50000,70000,0,0,50000,'2017-02-16 07:32:26','2017-02-16 07:32:26'),(86,173,'2',0,799000,50000,0,50000,70000,0,0,50000,'2017-02-16 07:32:26','2017-02-16 07:32:26');
/*!40000 ALTER TABLE `fare` ENABLE KEYS */;
UNLOCK TABLES;

--
-- Table structure for table `location`
--

DROP TABLE IF EXISTS `location`;
/*!40101 SET @saved_cs_client     = @@character_set_client */;
/*!40101 SET character_set_client = utf8 */;
CREATE TABLE `location` (
  `id` int(11) NOT NULL AUTO_INCREMENT,
  `code` char(3) NOT NULL,
  `name` varchar(50) NOT NULL,
  `created_at` datetime DEFAULT NULL,
  `updated_at` datetime DEFAULT NULL,
  PRIMARY KEY (`id`)
) ENGINE=InnoDB AUTO_INCREMENT=21 DEFAULT CHARSET=utf8 COMMENT='The location is the place where the passenger depart or arrive ';
/*!40101 SET character_set_client = @saved_cs_client */;

--
-- Dumping data for table `location`
--

LOCK TABLES `location` WRITE;
/*!40000 ALTER TABLE `location` DISABLE KEYS */;
INSERT INTO `location` VALUES (1,'SGN','Hồ Chí Minh','2016-11-24 23:28:12','2016-11-24 23:28:12'),(2,'HAN','Hà Nội','2016-11-24 23:28:21','2016-11-24 23:28:21'),(3,'THD','Thanh Hóa','2016-11-21 17:03:01','2016-11-21 17:03:01'),(4,'BMV','Buôn Ma Thuột','2016-11-24 23:29:20','2016-11-24 23:29:20'),(5,'VCL','Chu Lai','2016-11-24 23:29:20','2016-11-24 23:29:20'),(6,'CAH','Cà Mau','2016-11-24 23:29:20','2016-11-24 23:29:20'),(7,'VCA','Cần Thơ','2016-11-24 23:29:20','2016-11-24 23:29:20'),(8,'HUI','Huế','2016-11-24 23:29:20','2016-11-24 23:29:20'),(9,'HPH','Hải Phòng','2016-11-24 23:29:20','2016-11-24 23:29:20'),(10,'CXR','Nha Trang','2016-11-24 23:29:20','2016-11-24 23:29:20'),(11,'PQC','Phú Quốc','2016-11-24 23:29:20','2016-11-24 23:29:20'),(12,'PXU','Pleiku','2016-11-24 23:31:10','2016-11-24 23:31:10'),(13,'UIH','Quy Nhơn','2016-11-24 23:31:10','2016-11-24 23:31:10'),(14,'VKG','Rạch Giá','2016-11-24 23:31:10','2016-11-24 23:31:10'),(15,'VII','Tp Vinh','2016-11-24 23:31:10','2016-11-24 23:31:10'),(16,'TBB','Tuy Hòa','2016-11-24 23:31:10','2016-11-24 23:31:10'),(17,'DIN','Điện Biên','2016-11-24 23:31:10','2016-11-24 23:31:10'),(18,'DLI','Đà Lạt','2016-11-24 23:31:10','2016-11-24 23:31:10'),(19,'DAD','Đà Nẵng','2016-11-24 23:31:10','2016-11-24 23:31:10'),(20,'VDH','Đồng Hới','2016-11-24 23:31:10','2016-11-24 23:31:10');
/*!40000 ALTER TABLE `location` ENABLE KEYS */;
UNLOCK TABLES;

--
-- Table structure for table `news`
--

DROP TABLE IF EXISTS `news`;
/*!40101 SET @saved_cs_client     = @@character_set_client */;
/*!40101 SET character_set_client = utf8 */;
CREATE TABLE `news` (
  `id` int(11) NOT NULL AUTO_INCREMENT,
  `title` varchar(200) NOT NULL,
  `img` varchar(200) NOT NULL,
  `url` varchar(1000) NOT NULL,
  `description` varchar(1000) NOT NULL,
  `status` varchar(45) NOT NULL,
  `created_at` datetime DEFAULT NULL,
  `updated_at` datetime DEFAULT NULL,
  PRIMARY KEY (`id`)
) ENGINE=InnoDB AUTO_INCREMENT=3 DEFAULT CHARSET=utf8;
/*!40101 SET character_set_client = @saved_cs_client */;

--
-- Dumping data for table `news`
--

LOCK TABLES `news` WRITE;
/*!40000 ALTER TABLE `news` DISABLE KEYS */;
INSERT INTO `news` VALUES (1,'test','1483518357.png','df','df','active','2016-12-10 13:03:25','2017-01-04 08:25:57'),(2,'dsd','1483747248.jpg','sd','d','active','2017-01-07 00:00:48','2017-01-07 00:00:48');
/*!40000 ALTER TABLE `news` ENABLE KEYS */;
UNLOCK TABLES;

--
-- Table structure for table `passenger`
--

DROP TABLE IF EXISTS `passenger`;
/*!40101 SET @saved_cs_client     = @@character_set_client */;
/*!40101 SET character_set_client = utf8 */;
CREATE TABLE `passenger` (
  `id` int(11) NOT NULL AUTO_INCREMENT,
  `booking_detail_id` int(11) NOT NULL,
  `customer_type` int(11) NOT NULL,
  `first_name` varchar(50) NOT NULL,
  `last_name` varchar(50) NOT NULL,
  `fullname` varchar(100) NOT NULL,
  `date_of_birth` date DEFAULT NULL,
  `phone` varchar(11) NOT NULL,
  `email` varchar(50) NOT NULL,
  `created_at` datetime DEFAULT NULL,
  `updated_at` datetime DEFAULT NULL,
  PRIMARY KEY (`id`)
) ENGINE=InnoDB AUTO_INCREMENT=174 DEFAULT CHARSET=utf8;
/*!40101 SET character_set_client = @saved_cs_client */;

--
-- Dumping data for table `passenger`
--

LOCK TABLES `passenger` WRITE;
/*!40000 ALTER TABLE `passenger` DISABLE KEYS */;
INSERT INTO `passenger` VALUES (1,2,0,'','','test','0000-00-00','','','2017-02-09 10:09:51','2017-02-09 10:09:51'),(2,1,0,'','','123','0000-00-00','','','2017-02-09 10:09:51','2017-02-09 10:09:51'),(3,1,0,'','','test','0000-00-00','','','2017-02-09 10:09:51','2017-02-09 10:09:51'),(4,2,0,'','','erer','0000-00-00','','','2017-02-09 10:09:51','2017-02-09 10:09:51'),(5,1,0,'','','erer','0000-00-00','','','2017-02-09 10:09:51','2017-02-09 10:09:51'),(6,2,0,'','','123','0000-00-00','','','2017-02-09 10:09:51','2017-02-09 10:09:51'),(7,3,0,'','','erer','0000-00-00','','','2017-02-09 10:10:01','2017-02-09 10:10:01'),(8,3,0,'','','test','0000-00-00','','','2017-02-09 10:10:01','2017-02-09 10:10:01'),(9,3,0,'','','123','0000-00-00','','','2017-02-09 10:10:01','2017-02-09 10:10:01'),(10,4,0,'','','test','0000-00-00','','','2017-02-09 10:10:01','2017-02-09 10:10:01'),(11,4,0,'','','erer','0000-00-00','','','2017-02-09 10:10:01','2017-02-09 10:10:01'),(12,4,0,'','','123','0000-00-00','','','2017-02-09 10:10:01','2017-02-09 10:10:01'),(13,5,0,'','','123','0000-00-00','','','2017-02-09 10:10:02','2017-02-09 10:10:02'),(14,5,0,'','','test','0000-00-00','','','2017-02-09 10:10:02','2017-02-09 10:10:02'),(15,6,0,'','','123','0000-00-00','','','2017-02-09 10:10:02','2017-02-09 10:10:02'),(16,5,0,'','','erer','0000-00-00','','','2017-02-09 10:10:02','2017-02-09 10:10:02'),(17,6,0,'','','test','0000-00-00','','','2017-02-09 10:10:02','2017-02-09 10:10:02'),(18,6,0,'','','erer','0000-00-00','','','2017-02-09 10:10:02','2017-02-09 10:10:02'),(19,7,0,'','','test','0000-00-00','','','2017-02-09 10:10:03','2017-02-09 10:10:03'),(20,7,0,'','','123','0000-00-00','','','2017-02-09 10:10:03','2017-02-09 10:10:03'),(21,7,0,'','','erer','0000-00-00','','','2017-02-09 10:10:03','2017-02-09 10:10:03'),(22,8,0,'','','erer','0000-00-00','','','2017-02-09 10:10:03','2017-02-09 10:10:03'),(23,8,0,'','','123','0000-00-00','','','2017-02-09 10:10:03','2017-02-09 10:10:03'),(24,8,0,'','','test','0000-00-00','','','2017-02-09 10:10:03','2017-02-09 10:10:03'),(25,9,0,'','','test','0000-00-00','','','2017-02-09 10:10:03','2017-02-09 10:10:03'),(26,9,0,'','','erer','0000-00-00','','','2017-02-09 10:10:03','2017-02-09 10:10:03'),(27,9,0,'','','123','0000-00-00','','','2017-02-09 10:10:03','2017-02-09 10:10:03'),(28,10,0,'','','123','0000-00-00','','','2017-02-09 10:10:03','2017-02-09 10:10:03'),(29,10,0,'','','erer','0000-00-00','','','2017-02-09 10:10:03','2017-02-09 10:10:03'),(30,11,0,'','','test','0000-00-00','','','2017-02-09 10:10:04','2017-02-09 10:10:04'),(31,11,0,'','','erer','0000-00-00','','','2017-02-09 10:10:04','2017-02-09 10:10:04'),(32,11,0,'','','123','0000-00-00','','','2017-02-09 10:10:04','2017-02-09 10:10:04'),(33,12,0,'','','123','0000-00-00','','','2017-02-09 10:10:04','2017-02-09 10:10:04'),(34,12,0,'','','test','0000-00-00','','','2017-02-09 10:10:04','2017-02-09 10:10:04'),(35,12,0,'','','erer','0000-00-00','','','2017-02-09 10:10:04','2017-02-09 10:10:04'),(36,13,0,'','','test','0000-00-00','','','2017-02-09 10:10:04','2017-02-09 10:10:04'),(37,13,0,'','','123','0000-00-00','','','2017-02-09 10:10:04','2017-02-09 10:10:04'),(38,14,0,'','','test','0000-00-00','','','2017-02-09 10:10:04','2017-02-09 10:10:04'),(39,14,0,'','','erer','0000-00-00','','','2017-02-09 10:10:04','2017-02-09 10:10:04'),(40,13,0,'','','erer','0000-00-00','','','2017-02-09 10:10:04','2017-02-09 10:10:04'),(41,14,0,'','','123','0000-00-00','','','2017-02-09 10:10:04','2017-02-09 10:10:04'),(42,15,0,'','','test','0000-00-00','','','2017-02-09 10:10:04','2017-02-09 10:10:04'),(43,15,0,'','','123','0000-00-00','','','2017-02-09 10:10:04','2017-02-09 10:10:04'),(44,16,0,'','','test','0000-00-00','','','2017-02-09 10:10:04','2017-02-09 10:10:04'),(45,15,0,'','','erer','0000-00-00','','','2017-02-09 10:10:04','2017-02-09 10:10:04'),(46,16,0,'','','erer','0000-00-00','','','2017-02-09 10:10:04','2017-02-09 10:10:04'),(47,16,0,'','','123','0000-00-00','','','2017-02-09 10:10:04','2017-02-09 10:10:04'),(48,17,0,'','','erer','0000-00-00','','','2017-02-09 10:10:05','2017-02-09 10:10:05'),(49,17,0,'','','123','0000-00-00','','','2017-02-09 10:10:05','2017-02-09 10:10:05'),(50,18,0,'','','123','0000-00-00','','','2017-02-09 10:10:05','2017-02-09 10:10:05'),(51,17,0,'','','test','0000-00-00','','','2017-02-09 10:10:05','2017-02-09 10:10:05'),(52,18,0,'','','test','0000-00-00','','','2017-02-09 10:10:05','2017-02-09 10:10:05'),(53,18,0,'','','erer','0000-00-00','','','2017-02-09 10:10:05','2017-02-09 10:10:05'),(54,19,0,'','','123','0000-00-00','','','2017-02-09 10:10:11','2017-02-09 10:10:11'),(55,19,0,'','','test','0000-00-00','','','2017-02-09 10:10:11','2017-02-09 10:10:11'),(56,19,0,'','','erer','0000-00-00','','','2017-02-09 10:10:11','2017-02-09 10:10:11'),(57,20,0,'','','test','0000-00-00','','','2017-02-09 10:10:12','2017-02-09 10:10:12'),(58,20,0,'','','123','0000-00-00','','','2017-02-09 10:10:12','2017-02-09 10:10:12'),(59,20,0,'','','erer','0000-00-00','','','2017-02-09 10:10:12','2017-02-09 10:10:12'),(60,21,0,'','','123','0000-00-00','','','2017-02-09 10:10:18','2017-02-09 10:10:18'),(61,21,0,'','','erer','0000-00-00','','','2017-02-09 10:10:18','2017-02-09 10:10:18'),(62,22,0,'','','test','0000-00-00','','','2017-02-09 10:10:18','2017-02-09 10:10:18'),(63,21,0,'','','test','0000-00-00','','','2017-02-09 10:10:18','2017-02-09 10:10:18'),(64,22,0,'','','123','0000-00-00','','','2017-02-09 10:10:18','2017-02-09 10:10:18'),(65,22,0,'','','erer','0000-00-00','','','2017-02-09 10:10:18','2017-02-09 10:10:18'),(66,23,0,'','','dfdf','0000-00-00','','','2017-02-09 10:19:42','2017-02-09 10:19:42'),(67,23,0,'','','a','0000-00-00','','','2017-02-09 10:19:42','2017-02-09 10:19:42'),(68,24,0,'','','dfdf','0000-00-00','','','2017-02-09 10:19:42','2017-02-09 10:19:42'),(69,23,0,'','','dfdf','0000-00-00','','','2017-02-09 10:19:42','2017-02-09 10:19:42'),(70,24,0,'','','a','0000-00-00','','','2017-02-09 10:19:43','2017-02-09 10:19:43'),(71,24,0,'','','dfdf','0000-00-00','','','2017-02-09 10:19:43','2017-02-09 10:19:43'),(72,25,0,'','','a','0000-00-00','','','2017-02-09 10:23:38','2017-02-09 10:23:38'),(73,25,0,'','','dfdf','0000-00-00','','','2017-02-09 10:23:38','2017-02-09 10:23:38'),(74,25,0,'','','dfdf','0000-00-00','','','2017-02-09 10:23:38','2017-02-09 10:23:38'),(75,26,0,'','','dfdf','0000-00-00','','','2017-02-09 10:23:38','2017-02-09 10:23:38'),(76,26,0,'','','a','0000-00-00','','','2017-02-09 10:23:38','2017-02-09 10:23:38'),(77,26,0,'','','dfdf','0000-00-00','','','2017-02-09 10:23:38','2017-02-09 10:23:38'),(78,27,0,'','','luan','0000-00-00','','','2017-02-10 02:52:00','2017-02-10 02:52:00'),(79,28,0,'','','df','0000-00-00','','','2017-02-10 03:01:52','2017-02-10 03:01:52'),(80,29,0,'','','a','0000-00-00','','','2017-02-10 03:06:47','2017-02-10 03:06:47'),(81,30,0,'','','der','0000-00-00','','','2017-02-10 03:10:59','2017-02-10 03:10:59'),(82,31,0,'','','dfer','0000-00-00','','','2017-02-10 03:17:27','2017-02-10 03:17:27'),(83,32,0,'','','dfdf','0000-00-00','','','2017-02-10 03:38:49','2017-02-10 03:38:49'),(84,33,1,'','','test','0000-00-00','','','2017-02-10 04:14:34','2017-02-10 04:14:34'),(85,34,1,'','','test','0000-00-00','','','2017-02-10 04:15:20','2017-02-10 04:15:20'),(86,35,1,'','','adf','0000-00-00','','','2017-02-10 04:25:50','2017-02-10 04:25:50'),(87,36,1,'','','adf','0000-00-00','','','2017-02-10 04:26:06','2017-02-10 04:26:06'),(88,37,7,'','','em be trai khoa','0000-00-00','','','2017-02-13 07:49:37','2017-02-13 07:49:37'),(89,37,5,'','','be trai mao','0000-00-00','','','2017-02-13 07:49:37','2017-02-13 07:49:37'),(90,37,1,'','','Phan Ngoc Minh Luan','0000-00-00','','','2017-02-13 07:49:37','2017-02-13 07:49:37'),(91,38,1,'','','Phan Ngoc Minh Luan','0000-00-00','','','2017-02-13 09:23:03','2017-02-13 09:23:03'),(92,38,5,'','','test','0000-00-00','','','2017-02-13 09:23:03','2017-02-13 09:23:03'),(93,38,7,'','','test','0000-00-00','','','2017-02-13 09:23:03','2017-02-13 09:23:03'),(94,39,1,'','','laun','2017-02-10','','','2017-02-14 03:48:13','2017-02-14 03:48:13'),(95,39,5,'','','dfd','2017-02-17','','','2017-02-14 03:48:13','2017-02-14 03:48:13'),(96,39,7,'','','dfdf','2017-02-10','','','2017-02-14 03:48:13','2017-02-14 03:48:13'),(97,40,0,'','','luan','2017-02-02','','','2017-02-14 06:44:38','2017-02-14 06:44:38'),(98,40,0,'','','er','2017-02-04','','','2017-02-14 06:44:38','2017-02-14 06:44:38'),(99,40,0,'','','d','2017-02-02','','','2017-02-14 06:44:38','2017-02-14 06:44:38'),(100,41,1,'','','Nam ga','1990-02-10','','','2017-02-14 07:03:20','2017-02-14 07:03:20'),(101,41,5,'','','laon','2017-02-02','','','2017-02-14 07:03:20','2017-02-14 07:03:20'),(102,41,7,'','','hari loan','2017-02-03','','','2017-02-14 07:03:20','2017-02-14 07:03:20'),(103,42,1,'','','nam heo map dit','2017-02-03','','','2017-02-14 07:05:22','2017-02-14 07:05:22'),(104,42,5,'','','loan','2017-02-01','','','2017-02-14 07:05:22','2017-02-14 07:05:22'),(105,42,7,'','','ba nam le','2017-02-03','','','2017-02-14 07:05:22','2017-02-14 07:05:22'),(106,43,1,'','','erer','2017-02-02','','','2017-02-14 07:07:34','2017-02-14 07:07:34'),(107,43,7,'','','erer','2017-02-24','','','2017-02-14 07:07:34','2017-02-14 07:07:34'),(108,43,5,'','','erer','2017-02-03','','','2017-02-14 07:07:34','2017-02-14 07:07:34'),(109,44,1,'','','fgfg','2017-02-02','','','2017-02-14 07:15:47','2017-02-14 07:15:47'),(110,44,7,'','','ddf','2017-02-09','','','2017-02-14 07:15:47','2017-02-14 07:15:47'),(111,44,5,'','','fgrt','2017-02-04','','','2017-02-14 07:15:47','2017-02-14 07:15:47'),(112,45,1,'','','Nam Ga Map Dit','2017-02-02','','','2017-02-14 07:22:49','2017-02-14 07:22:49'),(113,45,5,'','','Loan Heo','2017-02-04','','','2017-02-14 07:22:49','2017-02-14 07:22:49'),(114,45,7,'','','Hari Lon','2017-02-10','','','2017-02-14 07:22:49','2017-02-14 07:22:49'),(115,46,1,'','','fgfg','2017-02-16','','','2017-02-14 07:50:49','2017-02-14 07:50:49'),(116,46,5,'','','fgfg','2017-02-16','','','2017-02-14 07:50:49','2017-02-14 07:50:49'),(117,46,7,'','','fgfg','2017-02-24','','','2017-02-14 07:50:49','2017-02-14 07:50:49'),(118,47,1,'','','aerer','2017-02-02','','','2017-02-14 08:00:48','2017-02-14 08:00:48'),(119,47,7,'','','dfdf','2017-02-02','','','2017-02-14 08:00:48','2017-02-14 08:00:48'),(120,47,5,'','','dfdf','2017-02-02','','','2017-02-14 08:00:48','2017-02-14 08:00:48'),(121,48,7,'','','erer','2017-02-10','','','2017-02-14 08:04:10','2017-02-14 08:04:10'),(122,49,1,'','','erer','2017-02-02','','','2017-02-14 08:40:00','2017-02-14 08:40:00'),(123,49,5,'','','dfdf','2017-02-03','','','2017-02-14 08:40:00','2017-02-14 08:40:00'),(124,49,7,'','','er','2017-02-03','','','2017-02-14 08:40:00','2017-02-14 08:40:00'),(125,50,7,'','','er','2017-02-24','','','2017-02-14 08:45:06','2017-02-14 08:45:06'),(126,50,1,'','','dfdf','2017-02-24','','','2017-02-14 08:45:06','2017-02-14 08:45:06'),(127,50,5,'','','dfdf','2017-02-09','','','2017-02-14 08:45:06','2017-02-14 08:45:06'),(128,51,5,'','','dfdf','2017-02-02','','','2017-02-14 08:56:39','2017-02-14 08:56:39'),(129,51,1,'','','df','2017-02-16','','','2017-02-14 08:56:39','2017-02-14 08:56:39'),(130,51,7,'','','dfdf','2017-02-02','','','2017-02-14 08:56:39','2017-02-14 08:56:39'),(131,52,5,'','','df','2017-02-20','','','2017-02-15 02:05:39','2017-02-15 02:05:39'),(132,52,7,'','','rtye','2017-02-09','','','2017-02-15 02:05:39','2017-02-15 02:05:39'),(133,52,1,'','','teswt','2017-02-20','','','2017-02-15 02:05:39','2017-02-15 02:05:39'),(134,53,1,'','','test','2017-02-01','','','2017-02-15 02:15:16','2017-02-15 02:15:16'),(135,54,1,'','','fg','2017-02-02','','','2017-02-15 02:17:29','2017-02-15 02:17:29'),(136,55,1,'','','erer','2017-02-23','','','2017-02-15 02:23:59','2017-02-15 02:23:59'),(137,56,1,'','','34','2017-02-03','','','2017-02-15 02:25:31','2017-02-15 02:25:31'),(138,57,1,'','','test','2017-02-02','','','2017-02-15 02:28:38','2017-02-15 02:28:38'),(139,58,5,'','','dfdf','2017-02-03','','','2017-02-15 07:23:42','2017-02-15 07:23:42'),(140,58,7,'','','dfdf','2017-02-12','','','2017-02-15 07:23:42','2017-02-15 07:23:42'),(141,58,1,'','','test','2017-02-09','','','2017-02-15 07:23:42','2017-02-15 07:23:42'),(142,59,5,'','','df','2017-02-02','','','2017-02-15 07:29:33','2017-02-15 07:29:33'),(143,59,1,'','','minh','2017-02-02','','','2017-02-15 07:29:32','2017-02-15 07:29:32'),(144,59,7,'','','df','2017-02-02','','','2017-02-15 07:29:33','2017-02-15 07:29:33'),(145,60,1,'','','abc','2017-02-09','','','2017-02-15 07:40:57','2017-02-15 07:40:57'),(146,60,5,'','','df','2017-02-10','','','2017-02-15 07:40:57','2017-02-15 07:40:57'),(147,60,7,'','','df','2017-02-10','','','2017-02-15 07:40:57','2017-02-15 07:40:57'),(148,61,1,'','','rt','2017-02-02','','','2017-02-15 09:24:51','2017-02-15 09:24:51'),(149,61,5,'','','dfdf','2017-02-09','','','2017-02-15 09:24:51','2017-02-15 09:24:51'),(150,61,7,'','','dfdf','2017-02-09','','','2017-02-15 09:24:51','2017-02-15 09:24:51'),(151,62,1,'','','luan','2017-02-02','','','2017-02-16 04:04:29','2017-02-16 04:04:29'),(152,63,1,'','','test','2017-02-02','','','2017-02-16 04:11:58','2017-02-16 04:11:58'),(153,64,1,'','','test','2017-02-02','','','2017-02-16 06:25:07','2017-02-16 06:25:07'),(154,65,1,'','','Cao thi ngoc thuy','2017-02-01','','','2017-02-16 06:32:45','2017-02-16 06:32:45'),(155,66,1,'','','Cao thi ngoc thuy','2017-02-01','','','2017-02-16 06:32:45','2017-02-16 06:32:45'),(156,67,2,'','','Cao thi ngoc thuy','2017-02-01','','','2017-02-16 06:36:13','2017-02-16 06:36:13'),(157,68,2,'','','Cao thi ngoc thuy','2017-02-01','','','2017-02-16 06:36:13','2017-02-16 06:36:13'),(158,69,2,'','','Cao Thi Ngoc Thuy','2017-02-02','','','2017-02-16 06:46:26','2017-02-16 06:46:26'),(159,70,2,'','','Cao Thi Ngoc Thuy','2017-02-02','','','2017-02-16 06:46:26','2017-02-16 06:46:26'),(160,71,2,'','','Cao Thi Ngoc Thuy','2017-02-09','','','2017-02-16 06:50:18','2017-02-16 06:50:18'),(161,72,2,'','','Cao Thi Ngoc Thuy','2017-02-09','','','2017-02-16 06:50:18','2017-02-16 06:50:18'),(162,74,1,'','','luan','2017-02-10','','','2017-02-16 06:54:16','2017-02-16 06:54:16'),(163,73,1,'','','luan','2017-02-10','','','2017-02-16 06:54:16','2017-02-16 06:54:16'),(164,76,1,'','','Luan','2017-02-01','','','2017-02-16 07:13:43','2017-02-16 07:13:43'),(165,75,1,'','','Luan','2017-02-01','','','2017-02-16 07:13:43','2017-02-16 07:13:43'),(166,77,1,'','','luan','2017-02-02','','','2017-02-16 07:22:32','2017-02-16 07:22:32'),(167,78,1,'','','luan','2017-02-02','','','2017-02-16 07:22:32','2017-02-16 07:22:32'),(168,79,1,'','','minh','2017-02-18','','','2017-02-16 07:24:11','2017-02-16 07:24:11'),(169,80,1,'','','minh','2017-02-18','','','2017-02-16 07:24:11','2017-02-16 07:24:11'),(170,81,1,'','','luan','2017-02-02','','','2017-02-16 07:28:21','2017-02-16 07:28:21'),(171,82,1,'','','luan','2017-02-02','','','2017-02-16 07:28:21','2017-02-16 07:28:21'),(172,83,2,'','','Cao Thi Ngoc Thuy','2017-02-02','','','2017-02-16 07:32:25','2017-02-16 07:32:25'),(173,84,2,'','','Cao Thi Ngoc Thuy','2017-02-02','','','2017-02-16 07:32:25','2017-02-16 07:32:25');
/*!40000 ALTER TABLE `passenger` ENABLE KEYS */;
UNLOCK TABLES;

--
-- Table structure for table `provider`
--

DROP TABLE IF EXISTS `provider`;
/*!40101 SET @saved_cs_client     = @@character_set_client */;
/*!40101 SET character_set_client = utf8 */;
CREATE TABLE `provider` (
  `id` int(11) NOT NULL AUTO_INCREMENT,
  `name` varchar(20) NOT NULL,
  `infant_fare` float NOT NULL DEFAULT '0',
  `vat` int(11) NOT NULL DEFAULT '0',
  `admin_fee` float NOT NULL DEFAULT '0',
  `adult_airport_fee` float NOT NULL DEFAULT '0',
  `children_airport_fee` float NOT NULL DEFAULT '0',
  `adult_security_fee` float NOT NULL DEFAULT '0',
  `children_security_fee` float NOT NULL DEFAULT '0',
  `other_tax` float NOT NULL DEFAULT '0',
  `payment_fee` float NOT NULL DEFAULT '0',
  `expired_payment` float DEFAULT '0',
  `created_at` datetime DEFAULT NULL,
  `updated_at` datetime DEFAULT NULL,
  PRIMARY KEY (`id`)
) ENGINE=InnoDB AUTO_INCREMENT=4 DEFAULT CHARSET=utf8;
/*!40101 SET character_set_client = @saved_cs_client */;

--
-- Dumping data for table `provider`
--

LOCK TABLES `provider` WRITE;
/*!40000 ALTER TABLE `provider` DISABLE KEYS */;
INSERT INTO `provider` VALUES (1,'jetstar',150000,49000,100000,70000,35000,10000,5000,0,50000,12,'2017-02-07 10:15:21','2017-02-07 10:19:41'),(2,'vna',160000,0,50000,70000,35000,0,0,0,50000,12,'2017-02-09 02:12:52','2017-02-09 02:15:53'),(3,'vietjet',110000,0,100000,70000,35000,10000,5000,0,50000,24,'2017-02-09 02:15:30','2017-02-09 02:15:30');
/*!40000 ALTER TABLE `provider` ENABLE KEYS */;
UNLOCK TABLES;

--
-- Table structure for table `ticket_bill`
--

DROP TABLE IF EXISTS `ticket_bill`;
/*!40101 SET @saved_cs_client     = @@character_set_client */;
/*!40101 SET character_set_client = utf8 */;
CREATE TABLE `ticket_bill` (
  `id` int(11) NOT NULL AUTO_INCREMENT,
  `departure` datetime NOT NULL,
  `total_fare` float NOT NULL,
  `contact_id` int(11) NOT NULL,
  `comment` varchar(500) NOT NULL,
  `created_at` datetime DEFAULT NULL,
  `updated_at` datetime DEFAULT NULL,
  PRIMARY KEY (`id`)
) ENGINE=InnoDB DEFAULT CHARSET=utf8;
/*!40101 SET character_set_client = @saved_cs_client */;

--
-- Dumping data for table `ticket_bill`
--

LOCK TABLES `ticket_bill` WRITE;
/*!40000 ALTER TABLE `ticket_bill` DISABLE KEYS */;
/*!40000 ALTER TABLE `ticket_bill` ENABLE KEYS */;
UNLOCK TABLES;

--
-- Table structure for table `ticket_detail`
--

DROP TABLE IF EXISTS `ticket_detail`;
/*!40101 SET @saved_cs_client     = @@character_set_client */;
/*!40101 SET character_set_client = utf8 */;
CREATE TABLE `ticket_detail` (
  `id` int(11) NOT NULL AUTO_INCREMENT,
  `adult` int(11) NOT NULL,
  `entrance_ticket_id` int(11) NOT NULL,
  `children` int(11) NOT NULL,
  `ticket_bill_id` int(11) NOT NULL,
  `created_at` datetime DEFAULT NULL,
  `updated_at` datetime DEFAULT NULL,
  PRIMARY KEY (`id`)
) ENGINE=InnoDB DEFAULT CHARSET=utf8;
/*!40101 SET character_set_client = @saved_cs_client */;

--
-- Dumping data for table `ticket_detail`
--

LOCK TABLES `ticket_detail` WRITE;
/*!40000 ALTER TABLE `ticket_detail` DISABLE KEYS */;
/*!40000 ALTER TABLE `ticket_detail` ENABLE KEYS */;
UNLOCK TABLES;

--
-- Table structure for table `ticket_type`
--

DROP TABLE IF EXISTS `ticket_type`;
/*!40101 SET @saved_cs_client     = @@character_set_client */;
/*!40101 SET character_set_client = utf8 */;
CREATE TABLE `ticket_type` (
  `id` int(11) NOT NULL AUTO_INCREMENT,
  `provider_id` int(11) NOT NULL,
  `name` varchar(100) NOT NULL,
  `created_at` datetime DEFAULT NULL,
  `updated_at` datetime DEFAULT NULL,
  PRIMARY KEY (`id`)
) ENGINE=InnoDB DEFAULT CHARSET=utf8;
/*!40101 SET character_set_client = @saved_cs_client */;

--
-- Dumping data for table `ticket_type`
--

LOCK TABLES `ticket_type` WRITE;
/*!40000 ALTER TABLE `ticket_type` DISABLE KEYS */;
/*!40000 ALTER TABLE `ticket_type` ENABLE KEYS */;
UNLOCK TABLES;
/*!40103 SET TIME_ZONE=@OLD_TIME_ZONE */;

/*!40101 SET SQL_MODE=@OLD_SQL_MODE */;
/*!40014 SET FOREIGN_KEY_CHECKS=@OLD_FOREIGN_KEY_CHECKS */;
/*!40014 SET UNIQUE_CHECKS=@OLD_UNIQUE_CHECKS */;
/*!40101 SET CHARACTER_SET_CLIENT=@OLD_CHARACTER_SET_CLIENT */;
/*!40101 SET CHARACTER_SET_RESULTS=@OLD_CHARACTER_SET_RESULTS */;
/*!40101 SET COLLATION_CONNECTION=@OLD_COLLATION_CONNECTION */;
/*!40111 SET SQL_NOTES=@OLD_SQL_NOTES */;

-- Dump completed on 2017-02-16 17:08:50
